5LSP_1,-44.517033
4WHT_6,-46.874917
5K9Q_4,-42.093845
6CDM_2,-42.995431
5O4O_1,-46.340627
6FY1_1,-46.239273
1IBG_1,-45.449380
5AUM_1,-33.961296
3D85_1,-45.910264
5A16_3,-47.283840
4PTT_1,-40.481815
4OGY_1,-42.833281
2JIX_3,-50.918518
1J1O_1,-47.514323
6II9_3,-52.000382
5BK2_2,-46.982695
1CU4_1,-50.448727
6MW9_2,-48.485492
1A7N_1,-43.435961
2NTF_1,-47.155523
3IJS_2,-43.375769
4EVN_6,-45.786273
2R0L_1,-43.215635
6B3S_3,-46.416726
3IJH_1,-42.608260
6APB_1,-45.210188
6A4K_4,-43.548049
6MAR_1,-50.536963
3FMG_1,-47.338401
5E8E_1,-41.908104
1DBB_1,-45.325386
6CUE_6,-48.514685
5Y2K_2,-45.997344
3QA3_4,-45.264270
2VXU_1,-50.249685
4MHH_3,-48.721909
3GJF_1,-46.866972
4I18_1,-42.496288
5CP7_1,-45.295226
3KJ4_1,-46.180153
3PGF_1,-41.529625
1LO2_2,-45.414404
3WFB_1,-52.240801
5UTZ_1,-44.691768
43CA_1,-43.158132
1DBJ_1,-47.080231
3IFL_1,-42.571563
5GJS_1,-48.756191
3U30_1,-45.771341
2ITC_1,-41.633776
6FY2_1,-44.557218
6QN8_5,-46.008193
6BKC_1,-49.885356
4YHZ_1,-46.401995
3GNM_1,-45.383211
3MME_2,-48.961024
2EXY_2,-47.735503
5ADO_1,-48.880828
5MV3_2,-48.109750
6AXP_2,-48.503628
5ADP_1,-48.466339
4R0L_2,-41.719362
5X0T_1,-48.541314
5TRU_1,-43.896453
4C2I_1,-48.054517
3GGW_1,-46.544961
5UTY_1,-47.538582
5TKJ_3,-41.176727
1NGZ_1,-48.313433
1YUH_2,-48.241896
2VIS_1,-42.901055
4MA1_3,-38.444355
5W24_1,-44.522103
5YOY_6,-45.084013
4R8W_1,-42.942243
5NHR_1,-41.833439
4XAK_1,-44.854657
5EU7_1,-45.892477
6EV1_4,-55.320957
1UWE_2,-48.954814
1J05_2,-43.348154
4M7K_1,-42.627812
5TZT_1,-49.596874
4U6G_1,-44.869589
6QN8_3,-43.494911
5OD0_1,-47.085002
4OD3_1,-48.217831
5WCC_1,-45.242866
4XBG_3,-43.627100
6MWC_2,-48.485526
5U4R_2,-44.103649
1IT9_1,-44.533898
2QR0_4,-45.487352
2QR0_3,-45.916776
3ULU_1,-46.830861
1BOG_1,-38.539547
3PNW_5,-45.790796
1JNH_3,-51.656135
1A5F_1,-43.615059
5JQD_2,-45.796530
6MNF_2,-45.939724
5C8J_2,-47.002396
2F19_1,-49.476569
5ICX_1,-48.942928
3NN8_4,-45.344860
4OCR_1,-46.720812
5C0N_1,-43.181105
6CUF_1,-48.782444
1OAY_2,-48.013459
3WKM_2,-45.216761
5B8C_3,-44.452145
4XCY_6,-46.650371
5WKO_2,-42.796875
1L7T_1,-47.706093
5TDP_2,-47.211435
1XGR_1,-49.041477
6CYF_3,-46.556012
3KYM_3,-48.528207
2XRA_1,-47.533993
6AMM_1,-43.677477
5WI9_2,-45.364139
1FVE_2,-43.478881
4YXH_1,-43.771905
6DCQ_1,-46.158484
4XNM_2,-44.329565
6H3U_2,-49.783248
4RFE_2,-43.636500
4AEI_3,-49.271167
4ZFO_1,-47.552519
4OLU_1,-43.893424
6MAM_2,-49.032384
1OTT_2,-46.524276
6MW9_3,-48.478359
2HVJ_1,-41.859243
5VOC_1,-47.203362
3STL_1,-41.533412
6MEF_1,-46.632477
5ITF_2,-49.281529
6AZZ_2,-42.952625
5X2P_2,-45.674560
5WUX_3,-44.743061
3BSZ_1,-48.019272
5X2P_1,-45.832723
5I1J_1,-45.467480
5YOY_2,-45.414288
5WKO_1,-42.914116
5XJM_1,-47.667720
6CW2_1,-46.132892
5IBL_2,-46.630157
6ARP_2,-47.518538
3C6S_4,-45.665423
4XRC_2,-45.381592
5MHR_5,-46.457963
2ARJ_1,-41.668777
1A6V_2,-47.381881
15C8_1,-42.314879
6A78_1,-49.723798
4OJF_1,-46.286691
4UTB_1,-44.622257
2NYY_1,-41.753441
5JUE_1,-51.549599
5JRP_1,-45.057800
1HQ4_1,-47.704509
4OGY_2,-42.725431
5MU0_1,-47.441746
2Z4Q_1,-48.701316
4CKD_3,-46.537517
5W4L_2,-42.697423
5TBD_1,-51.949036
3LZF_1,-41.304118
4H20_1,-49.021149
6CUE_1,-48.676082
4NRX_1,-45.518381
3FFD_1,-48.214590
5JZ7_3,-46.492150
3H3P_2,-45.220456
5FEH_2,-43.298514
4KZE_1,-43.828552
3NID_2,-47.930836
3OR6_1,-41.779602
4F58_4,-46.344126
6N7J_2,-38.174072
1GPO_1,-48.510011
6EWB_4,-48.398720
5MP5_2,-42.972372
4OCX_1,-45.249925
4R7N_9,-46.042565
5ESA_1,-41.475790
4H88_1,-43.043852
1N5Y_1,-44.778299
5V6M_1,-41.396929
3HAE_1,-47.470149
2GSI_1,-46.534233
5MUB_7,-48.086883
4TNW_2,-51.437396
1IGM_1,-46.941528
5F9O_1,-49.955063
2R0W_1,-44.280901
6AZK_1,-48.549944
1XCQ_1,-44.273757
3IXY_2,-49.956732
1RZI_7,-41.321947
3IY2_1,-41.948726
1OB1_2,-46.414348
1UM5_1,-42.333467
3J7E_4,-41.645877
2DQD_1,-47.601817
1DBK_1,-48.206188
5YWP_2,-43.288230
6ORP_1,-59.835545
1DN0_2,-45.453049
4Z5R_5,-48.859067
4GLR_1,-41.602276
5O7P_1,-47.463238
5WK3_3,-44.685790
4DKF_1,-42.029196
5IHZ_3,-37.483174
6DWC_1,-41.902604
5W1K_4,-52.849021
2DQT_1,-48.469263
6IEB_2,-46.797680
1XGP_1,-48.798868
5MX3_2,-42.038306
5Y2K_4,-46.088765
4EVN_1,-45.872961
3MAC_1,-40.103981
2D03_1,-43.260741
1S5I_1,-45.934623
5GGU_1,-42.788763
4HK3_1,-40.591049
6NB7_1,-48.655657
5IK3_1,-45.178472
4XP4_1,-47.794254
3Q3G_4,-43.858657
5CJQ_1,-46.159879
5DFV_1,-48.838169
3Q1S_1,-42.799171
3CLE_1,-45.825776
5CP3_1,-46.679803
1QYG_1,-45.584869
2VXS_2,-40.904658
1R3J_1,-41.953335
6MAR_2,-48.159356
4LSU_1,-43.824511
2I60_2,-46.668898
2QR0_6,-46.656345
5Y9F_5,-51.192919
4OKV_1,-42.655005
3OAY_1,-45.452673
1T04_1,-43.696462
5USH_2,-43.615097
4O5I_1,-38.289517
1UYW_2,-44.183609
1HKL_1,-47.054833
2O5Z_1,-45.348132
6DG2_2,-42.478604
5MV4_5,-47.987667
4UIM_3,-53.819853
4XCN_4,-43.873662
5W08_1,-44.840373
1PKQ_1,-45.476633
4YR6_2,-46.258104
2HKF_1,-42.710669
4FFZ_2,-43.281576
43CA_3,-43.080208
5BJZ_1,-43.648224
1MHH_1,-44.344690
1Q0X_1,-47.746648
3FO9_2,-45.122763
1FSK_1,-43.926597
4XCY_3,-46.030773
1FSK_3,-43.841761
5GS0_3,-45.319322
1GIG_1,-44.529933
6OKP_2,-43.916285
3SGE_2,-49.101583
3UTZ_2,-48.313826
3AAZ_2,-40.757803
1YYL_1,-45.614889
6NC3_1,-45.539849
6A0X_4,-56.165137
4M5Y_1,-43.877553
1FN4_2,-39.248723
3IKC_2,-43.262139
4D9L_4,-44.917164
5XF1_1,-41.549115
3EO1_1,-44.147035
1PG7_2,-45.240286
3DV6_1,-44.797826
5I1A_2,-45.568542
3J5M_3,-46.591223
4X7T_1,-48.290986
6MED_1,-42.075899
5YOY_3,-43.968681
5BZD_1,-46.050205
1FOR_1,-45.551612
5A16_1,-46.579052
4IMK_2,-44.659102
1NCC_1,-47.907380
6DWC_2,-41.666537
3MNV_2,-33.357282
5WTG_1,-50.671501
3FB8_1,-42.446660
5VK6_1,-41.707393
6NJM_1,-59.583229
4XGZ_6,-43.389284
5IKC_2,-43.803892
3HPL_1,-41.440587
5IJK_1,-46.044040
5FF6_1,-47.876774
3ZKN_1,-47.630059
5IKC_1,-42.563749
3VE0_1,-50.852905
2OQJ_4,-42.970560
1P2C_1,-43.506117
6EA7_2,-47.325635
4WHT_7,-44.690405
1CL7_1,-45.502345
1YMH_1,-46.029246
3CFJ_3,-50.340499
6BSP_1,-45.795908
4RBP_1,-44.813552
1NGX_1,-52.154485
5L9D_1,-45.863899
4RGN_3,-46.352433
2HRP_2,-47.250583
12E8_2,-48.485488
2AJ3_3,-45.731994
4D9L_3,-46.987991
3R08_1,-47.830008
4R26_1,-43.786446
4ZFG_1,-35.812005
4DGY_1,-50.574686
5KEN_3,-48.405755
5T85_1,-43.597182
6BTJ_2,-47.055109
3LH2_4,-44.606407
4GMS_1,-45.083678
3FO9_1,-45.607683
5ANY_4,-48.487788
1UZ6_4,-45.677357
3C6S_1,-47.038237
6E56_2,-40.820351
3B2U_1,-45.997516
5M63_1,-41.255016
5FUZ_1,-48.641007
6NC3_3,-45.539717
1BFO_2,-48.530330
4FFV_1,-50.940569
2FAT_1,-46.389709
5UDC_2,-46.146904
5BK2_1,-47.347257
5ANY_3,-48.492228
5VL3_3,-40.867108
5WL2_1,-44.700501
6D01_2,-46.739548
4MA3_1,-40.060314
5N2K_4,-43.388081
1NLB_1,-42.930949
5A7X_3,-46.027085
6MHG_3,-45.258551
4FQR_8,-44.399723
4XTR_2,-44.284350
2FX8_2,-44.843978
3J7E_3,-41.644920
5GJT_1,-48.706101
6MEE_1,-45.083473
3U4B_1,-49.568800
3RIA_2,-53.167122
5Y9F_7,-51.565295
3G5X_2,-47.725388
2QAD_1,-47.225132
6D9W_1,-44.740575
1A7O_1,-43.433473
4QHM_1,-47.672423
1HIN_1,-46.911475
5J3H_1,-41.176234
2W0F_1,-41.010920
5YWF_1,-44.576998
5TLK_2,-48.976062
5HD8_2,-48.840601
3OGC_1,-43.276348
3BZ4_3,-45.766288
5FCU_1,-46.451900
4TNW_8,-51.783916
5VK2_1,-45.171196
5I76_2,-50.022691
3FO0_1,-44.813603
3ULS_1,-44.093588
5NBW_2,-45.697538
4FQ1_1,-47.554193
1FGV_1,-42.521013
5VVF_1,-45.177589
3DIF_1,-47.280005
4Y5X_1,-55.533762
3IXX_1,-49.949362
5JSA_1,-49.297459
5XCQ_1,-46.488265
5BVP_1,-41.873045
4YUE_1,-41.656049
43C9_4,-41.590962
5KEL_4,-43.211631
3SDY_1,-45.508963
5CD3_3,-42.775757
3IJH_2,-43.108372
5VJO_2,-47.539642
4QF1_2,-46.366911
5IIE_1,-46.736646
3P0V_2,-44.066636
2FJF_9,-40.421545
6BLI_4,-44.556942
6ELJ_1,-45.917475
3MXV_1,-47.824892
4RBP_2,-44.425983
1OAY_1,-47.867097
3W9E_1,-41.098823
4ZYP_3,-44.203672
2AP2_2,-46.450103
1NCD_1,-47.958172
5CIL_1,-43.822142
3DET_1,-49.457326
2VWE_1,-48.418665
6GHG_1,-41.758180
1YED_2,-53.383108
4RAU_6,-48.264983
5BZW_1,-46.507286
5GGS_1,-44.785607
5IR1_2,-48.604279
5ESQ_1,-48.444869
2A1W_2,-51.114336
1KCU_1,-46.365881
4Q6I_1,-37.733725
4ZFO_2,-43.987362
5XHV_2,-46.112282
6II4_1,-44.579022
5X08_1,-43.844067
4JN2_2,-42.674264
6BLA_1,-45.631267
5BK3_2,-50.977908
5HJ3_4,-50.075214
5MVJ_3,-42.736741
6B5N_1,-48.787941
1XGY_2,-48.543667
4FQK_1,-46.105609
4XWG_1,-45.234288
4AG4_1,-44.010710
3VGA_1,-46.627149
2R0Z_1,-45.855633
1G7I_1,-43.465213
6CNJ_2,-46.717288
3NAC_1,-45.365689
5Y0A_2,-42.559671
2H2S_1,-50.500220
5GIR_2,-48.384245
1Y18_2,-49.643530
6BF4_2,-47.587780
5UGY_1,-41.537385
1RZI_1,-40.961918
5XLI_1,-46.888662
5MUB_8,-48.639721
5BVJ_3,-47.949418
3GJF_2,-46.186828
6B3D_1,-49.266470
4A6Y_2,-43.712156
2FX8_1,-43.949452
5ETU_2,-49.158957
5VOB_1,-48.112794
1IGJ_2,-49.174901
3L5W_2,-55.781439
6EWB_3,-51.097659
1W72_2,-47.516269
4XGZ_4,-43.261970
5TH9_3,-49.467440
5MU2_6,-47.869519
5B3J_1,-40.559671
6ORO_2,-57.123718
4N90_1,-49.781246
4YZF_3,-45.673104
5HYS_1,-50.068341
1FVD_1,-42.771884
3OKL_1,-42.704844
5YSL_4,-46.438193
6E63_2,-47.949441
3V0W_1,-41.607434
6AWQ_1,-48.075441
4OUU_2,-48.595892
5K8A_3,-43.218675
3NN8_3,-41.448596
1MRF_1,-45.858068
3IXT_1,-43.999491
6HJP_3,-45.423442
5MU0_2,-47.682785
5KJR_1,-44.627331
2FR4_2,-44.533233
4ONF_1,-48.881972
6BB4_2,-46.762917
5WNA_2,-41.995256
1OAZ_2,-48.449087
1N6Q_1,-44.038248
6BFQ_2,-46.636476
1UM4_1,-42.567459
4GAY_2,-42.861134
3R06_2,-48.787743
3DVG_1,-44.703035
6QNA_1,-43.330275
5XEZ_1,-41.902173
3CFC_1,-35.667083
3GKW_1,-37.223263
4R96_3,-41.765888
3TNM_1,-54.186881
6MEH_1,-46.457172
6AL5_1,-44.894093
5X8M_1,-44.978630
2FB4_1,-41.474161
3CFB_1,-31.832248
5W1K_3,-53.046575
4XBG_1,-43.099491
4KKC_1,-52.679543
3O2D_1,-41.847933
4HKZ_1,-42.130468
6DZY_1,-42.846174
1CT8_2,-44.097451
1CIC_1,-39.526944
6GV4_1,-46.829749
5ZIA_1,-48.787189
6BB4_1,-46.709648
6DZL_1,-50.673588
4ZPT_1,-50.297774
4WHT_3,-46.872592
5TLJ_1,-48.809146
1N4X_1,-49.637085
5TLJ_3,-46.323769
4S2S_1,-47.608109
6B5L_1,-45.885308
3IYW_1,-46.971327
4Y5X_4,-54.336790
4YPG_1,-42.328772
5MX3_1,-41.825366
6DCV_1,-44.659265
5GS0_2,-52.599524
1UJ3_1,-44.286072
5DSC_1,-39.128174
5C0N_2,-43.089777
3QPQ_1,-44.615047
2XKN_2,-50.066999
6FLC_2,-45.657908
4F33_4,-47.919243
1JNL_1,-41.097165
3J93_1,-51.199271
5X8L_5,-45.987413
1ZA3_1,-45.604355
2H8P_1,-41.829918
2ADJ_1,-48.994470
5ETU_1,-48.650251
3BE1_1,-41.543164
4IML_2,-43.624880
6DWI_5,-40.533090
5TRP_1,-45.459838
6NB6_1,-49.349963
6EDU_1,-48.925713
3LHP_2,-44.701804
2J88_1,-38.975238
3QA3_1,-45.717491
2BOC_1,-40.374601
3WHX_1,-39.012231
2GFB_2,-52.145564
5W9J_1,-46.278499
5W9P_2,-47.657023
4PLJ_1,-46.385851
5OPY_1,-46.497704
3QCU_1,-42.296135
1MJJ_2,-41.213695
4HXA_1,-45.079968
6D9G_2,-41.869602
4KJQ_1,-49.905096
2JEL_1,-44.561893
5MU2_2,-48.382780
4I3S_1,-42.967856
6HJP_2,-44.745134
1BVL_2,-42.400705
3HNV_1,-50.030610
6FAX_1,-47.326523
4S1D_3,-40.367787
4A6Y_1,-42.909403
6DKJ_2,-47.300027
6BE4_1,-36.553073
3EYO_1,-48.902717
4DKE_1,-46.819853
5BK1_1,-43.705411
4UIM_1,-53.385248
5DMG_2,-40.812819
6D01_4,-47.746357
4FQQ_2,-43.026535
3BKC_1,-44.022082
5I1E_1,-43.383014
5WDF_2,-42.460553
5VSH_3,-43.790604
1AHW_1,-43.825909
5ZV3_1,-43.243368
4NRZ_2,-44.629317
5C7K_1,-49.058096
4TSC_1,-45.420152
5A8H_1,-46.028694
4YBQ_1,-44.807563
6BFQ_3,-47.275105
6ORQ_3,-56.247432
5F88_1,-48.304021
1RZ8_1,-44.126661
5MU2_7,-48.618213
5FGB_2,-45.402503
1XF5_1,-42.999104
4ALA_1,-44.685997
5I74_1,-50.581197
5E8D_1,-42.384656
3IFO_2,-45.710101
5EC1_1,-43.126365
4KJW_2,-46.886547
6DCA_2,-46.093907
3UJI_1,-44.500140
6MJZ_1,-53.871741
6BFT_1,-45.496632
3PNW_4,-46.687205
5N2K_2,-43.339132
2IGF_1,-47.129971
6MEJ_1,-43.350009
2OZ4_1,-46.174292
6OE5_1,-45.037292
4KKB_2,-47.374803
5AZ2_1,-41.328954
4NWU_1,-48.613708
4M1D_2,-58.576729
6NCP_2,-44.457468
3RKD_1,-44.980718
6D11_2,-45.423124
2R6P_1,-43.634990
5W5X_1,-49.586692
3IET_1,-50.234817
3KYM_1,-53.699445
1YYM_1,-45.305942
5DRZ_2,-50.827697
5UDC_1,-46.510322
5UQY_4,-43.813744
3FO2_2,-43.579051
4HG4_9,-43.553716
1OAR_2,-50.134868
4R7N_8,-47.664798
6DEZ_1,-48.137882
4TNW_1,-51.503661
4FFV_2,-52.211268
4KTE_1,-47.507300
6H0E_4,-33.724721
5TQA_1,-42.158388
5ICY_2,-48.309935
5XRQ_1,-49.276722
5L0Q_2,-45.651711
4UTB_2,-45.109947
3CSY_1,-47.935107
4PS4_1,-46.748277
3RVU_1,-44.105266
5OBF_1,-46.191238
6BLH_1,-44.235954
5MV3_5,-46.397652
2V7H_1,-45.592410
5VOD_1,-44.301128
1YEK_1,-51.167128
2ORB_1,-49.474089
5DUM_1,-45.050174
5UG0_1,-40.397295
3WHE_2,-43.464253
6IW0_1,-45.745649
5CHN_2,-43.532076
2HH0_1,-45.377041
4QTI_1,-44.662726
4GXU_6,-43.040388
6IEC_4,-45.729947
4EBQ_1,-46.457033
2EZ0_1,-47.345243
5H35_3,-49.747959
6DFI_1,-47.182483
4NKM_1,-47.617903
5MV4_7,-48.466820
6AZ2_1,-46.328987
5CEX_1,-48.124573
3U36_4,-45.428856
4GXU_5,-41.153549
5Y0A_1,-42.560823
5T5N_2,-46.473508
1JRH_1,-40.650680
4YK4_2,-44.359337
5VJQ_3,-49.149645
4JZN_1,-42.965051
5NJD_1,-42.127728
3C5S_2,-45.397334
1KNO_1,-45.463633
1UZ6_1,-49.114713
6H5N_2,-46.093848
2H2S_2,-48.224738
6BDZ_1,-38.304192
1TPX_1,-51.544975
5ZIA_4,-49.407627
4NRY_1,-48.426839
4AM0_2,-47.701066
4JO3_2,-41.617222
1KIR_1,-43.551708
5W08_3,-43.187877
5UKN_1,-41.722800
5VJQ_1,-47.492993
2HTL_2,-46.011373
3RKD_2,-45.374970
4GMS_3,-44.773201
5EPM_2,-41.726642
6BY2_1,-42.088199
3L5W_1,-54.722359
5MV3_7,-47.649688
4PLJ_2,-45.341786
4DVR_1,-40.245838
3D0L_1,-40.754493
3EO1_3,-44.144713
5WUV_1,-45.075380
4NRZ_1,-44.731941
4XWO_5,-43.223622
1IGT_2,-47.186870
6H06_1,-35.389227
6HJQ_1,-44.315001
1U8M_1,-41.723975
2J6E_2,-45.835373
4GLR_2,-40.917324
4NKD_4,-41.579983
4N9G_1,-49.479373
3SGE_1,-47.408370
4S1D_1,-38.628621
2BFV_1,-49.729868
5GS0_1,-47.046019
4R9Y_1,-50.308879
6E4Y_1,-45.518370
1TJI_1,-42.200949
4OTX_1,-38.637546
5EN2_1,-43.213103
5WCD_1,-46.695430
6BT3_4,-46.099664
1RZ8_2,-45.850950
4RZC_3,-40.216118
3I2C_1,-45.526757
4XH2_1,-41.846477
5YE3_1,-45.127291
5FHC_1,-48.970042
1G7H_1,-43.037725
4QCI_2,-44.822234
3H3P_1,-44.931364
6MHG_8,-47.344612
1Z3G_2,-49.251830
1NCW_1,-45.070797
2UUD_2,-44.113183
5XHG_1,-44.761710
4JM2_2,-42.028420
2FX9_2,-43.741746
4IOF_2,-41.091049
3F7Y_1,-42.610818
6A67_1,-49.980327
6QN8_1,-44.788894
5KQV_1,-47.147621
5UEK_1,-43.512967
3VFG_1,-43.789697
3HMW_1,-43.991269
4YHY_1,-45.531482
4RIR_1,-45.973722
1F58_1,-45.559857
4Z7O_2,-49.621716
5WCA_1,-41.868664
2W65_1,-44.476155
1HEZ_2,-44.223906
5KW9_1,-41.975733
1P84_1,-47.515546
1OTS_2,-47.227735
4NUG_1,-44.178004
4UT9_2,-44.992342
2AI0_4,-50.713092
5IES_1,-40.193503
5H37_1,-49.308192
6MTN_1,-37.643801
5U5M_1,-46.906302
5MHR_3,-47.001813
2X7L_4,-40.399242
4XVU_3,-40.892001
6N2X_2,-45.466568
4KJW_1,-50.910990
5VJQ_4,-48.871412
5MVJ_4,-43.712447
5J9P_1,-43.001026
5TLJ_2,-48.956827
1RUA_1,-45.210255
5ZS0_1,-49.893233
6IEC_2,-46.306505
4Q6I_2,-37.031072
5T6P_1,-50.309226
6CA9_1,-42.243521
5IBL_1,-45.621478
2Q8A_1,-43.633076
4WFH_2,-46.345566
6F7T_2,-39.684817
3TNN_1,-45.010790
1WCB_2,-45.136829
6EV1_5,-55.098630
6DC7_2,-45.311660
1QNZ_1,-48.323656
6E5P_6,-44.152215
3EOA_2,-48.109944
3V6Z_1,-50.164305
6DEZ_2,-44.263870
1J1P_1,-47.778138
6AZK_2,-48.911734
4WFE_1,-47.770224
1DQM_1,-48.461204
4XCY_4,-43.506247
4GXV_1,-44.013381
3RIA_1,-52.340541
2DQF_2,-48.228249
4JLR_1,-43.763028
1GGI_1,-46.013008
5O6V_1,-61.657292
5TKK_1,-46.539394
4FQR_1,-43.945708
3MLX_2,-44.624726
6E5P_4,-42.944808
4HXB_1,-43.532982
6EMJ_2,-46.586715
6B0G_1,-44.937963
4G7V_1,-46.899529
3B9K_2,-43.880324
5X2M_1,-46.032120
5I8E_1,-43.734953
3VRL_2,-49.885602
4GAG_1,-44.211686
1JPT_1,-45.274488
1A6T_2,-46.100030
4UV7_1,-51.834002
4OZ4_1,-41.958382
1HZH_1,-50.340559
4FG6_1,-47.899181
4HII_1,-42.716417
4QF1_1,-48.133712
4ZYP_6,-45.254447
3SOB_1,-43.231425
5W1K_1,-53.432463
2GFB_7,-52.238982
5FUU_2,-47.605573
5IV2_1,-48.822202
3PP3_2,-44.887753
1EHL_1,-41.379298
3WFE_1,-51.310202
3B9K_1,-43.440374
4XH2_3,-42.775525
2AAB_1,-49.751179
4EDW_1,-45.816405
5UEA_1,-46.321397
4M6O_1,-42.361990
6AZM_2,-45.333514
2WUB_2,-48.154014
4M7Z_1,-37.355853
2FJF_1,-41.371729
6AZ2_2,-45.425363
4R7N_2,-47.348084
4NKM_3,-47.415261
1FRG_1,-42.189616
5IFJ_4,-39.622872
4JO4_1,-42.284078
4M6N_1,-39.363454
5VZX_1,-42.666238
6MB3_1,-46.606390
1VPO_1,-47.904083
5W23_2,-46.568153
3SY0_1,-43.042272
6ORQ_1,-55.919684
3QA3_3,-46.116520
5VKK_1,-39.873470
4FQV_3,-46.023101
2F5B_1,-42.208830
35C8_1,-43.134448
4NYL_2,-42.172503
4JY4_1,-44.947142
4G6M_1,-45.028284
6A79_2,-50.664054
5LQB_1,-46.741993
2NLJ_1,-42.046330
6CDE_6,-49.392999
6BZW_4,-43.221107
5U3K_2,-50.980202
5UOE_3,-43.531244
2IPU_1,-45.479346
4Y5V_2,-45.631011
4OT1_1,-43.921770
3U1S_1,-40.607853
5MES_1,-41.518233
1RHH_1,-45.344466
6NJL_2,-57.243705
1CE1_1,-46.298305
4MA3_2,-44.072354
5VCO_1,-53.300589
4O02_1,-49.830349
5UGY_3,-42.328178
2BDN_1,-46.757426
1GGI_2,-43.507490
4RRP_1,-44.557802
1AD9_1,-41.616382
3QEH_1,-46.381328
2AJ3_1,-47.344143
4XP5_1,-47.575686
5MHG_1,-50.130017
6MTR_1,-42.066870
4MXW_2,-50.331347
5U0R_1,-47.184990
3B2U_7,-45.981224
3RIA_5,-51.852333
4JPI_2,-43.586554
3LQA_1,-44.268007
3MNV_1,-41.561527
6CA6_2,-41.762177
5JW5_1,-46.229569
5T1K_2,-48.722478
4QHK_3,-47.135335
5W9H_3,-47.767580
4YC2_2,-55.017810
2V7N_2,-44.351347
3UTZ_1,-49.220648
4XMK_2,-43.733415
3LS4_1,-47.733510
6BCK_1,-52.942467
6MB3_8,-47.058433
4YE4_1,-46.610209
4XWO_2,-43.125508
4D9Q_1,-39.225023
3PIQ_6,-46.444842
5JOF_3,-47.952654
3BAE_1,-44.931349
2A6K_2,-48.376136
1ND0_1,-46.145267
3U2S_2,-45.358784
2NY7_1,-50.521158
4KRO_1,-47.891205
5VPL_1,-45.415218
4D3C_1,-45.697581
5VXR_1,-44.923026
6B0S_1,-43.521159
1YEJ_1,-51.233403
3NGB_1,-42.606425
2R2B_1,-42.256827
5GUX_1,-52.168362
4JHA_1,-44.542274
5KAQ_2,-46.541746
3OKK_1,-42.759852
5NJD_4,-43.067877
6NC2_3,-44.245870
1Q9K_1,-41.528849
3BZ4_2,-45.995978
4FQQ_4,-41.790321
4J8R_2,-47.304375
1AXS_1,-41.413268
3ZE2_2,-47.232307
3WHE_8,-43.855062
4UOK_1,-29.193569
5CIP_1,-42.793627
5IBT_1,-43.434501
4ERS_1,-43.369670
5TH9_2,-44.296927
5J3D_1,-49.114660
5Y2K_1,-43.819512
2BOB_1,-41.914309
6CNJ_1,-45.015972
3CFK_8,-49.738911
1BM3_1,-47.849295
6N8D_1,-43.690159
1YNT_1,-49.758284
5DYO_2,-41.262423
1MRC_1,-45.857735
6BKD_1,-47.594078
3DGG_2,-40.476492
4HG4_2,-46.098657
5ICZ_1,-48.086087
4WFE_2,-46.728523
2P7T_1,-41.912432
6FXN_1,-39.962651
6GLW_2,-48.751531
4WFF_1,-47.238280
4KQ4_1,-47.016365
5FYJ_2,-41.630730
4RGN_4,-46.742625
1L7I_1,-49.503733
1V7N_4,-48.667563
3WII_1,-46.425311
6MU8_1,-40.474798
4J1U_2,-41.385090
5LSP_2,-46.124987
4TNW_6,-51.946780
6CT7_1,-37.642038
1RIU_1,-44.570805
4F2M_2,-48.523584
4D9Q_2,-40.245205
4UIK_1,-49.257827
3BDY_1,-44.147327
6BFS_1,-44.283598
6FN4_1,-54.177371
3KYM_7,-46.786486
5J13_1,-43.869119
2FED_2,-47.006516
1NCA_1,-48.909567
3RA7_2,-48.565214
6AL4_3,-45.047184
3EYS_1,-45.274228
3HR5_1,-45.590031
3F7V_1,-42.538688
5TFW_1,-44.648920
3G04_1,-43.743775
3V6O_2,-45.408568
5ID0_2,-48.289022
3IF1_1,-49.115494
6EA5_2,-46.853495
3UC0_2,-48.661951
4M62_2,-42.797091
5Y2M_1,-43.909732
3ZE2_1,-48.429379
2NY3_1,-45.714281
5UMN_1,-43.981347
6CXL_1,-45.676294
3V7A_2,-42.115820
4ENE_2,-48.514008
6B0H_2,-43.320995
3TV3_1,-47.842621
5MP1_3,-42.421475
4GAY_1,-41.332061
6BT3_2,-46.359930
1T4K_1,-46.119414
4KKA_1,-49.116649
5O14_1,-43.763539
5MUB_6,-48.807819
2VXV_1,-45.174077
6BI0_1,-41.870931
1RMF_1,-42.528114
6CDE_3,-49.394353
2R1X_1,-42.662074
5E08_1,-43.099093
5WKZ_1,-43.057430
2QHR_1,-46.458026
5W4L_4,-46.419478
5KEM_1,-41.592233
1BVL_1,-40.627543
5MV3_3,-48.981695
3G6A_1,-44.866763
3WFH_1,-39.885992
1F4W_1,-46.980569
5MHS_2,-50.628377
2AEQ_1,-47.055724
5F6H_1,-43.289869
4ODX_2,-45.190068
4KUC_1,-43.160445
6C6Y_1,-45.525873
4XX1_2,-42.862966
4HWE_1,-42.635655
3S37_1,-46.445220
4WHT_4,-45.072992
3HB3_1,-48.071747
4XMK_3,-45.291598
4N8C_2,-44.836931
5KVL_1,-45.510746
4FP8_4,-43.891439
6ORP_3,-59.805616
3U36_3,-45.371394
6CF2_1,-43.542444
4AT6_2,-50.829993
5TGB_2,-43.815529
4ZYK_1,-43.153584
6AXL_2,-46.756315
5IG7_1,-38.212920
1I9R_2,-47.392459
3JAB_1,-54.858094
5K9O_2,-46.485631
5O1R_2,-47.781798
1NC4_1,-44.164255
6FS0_1,-44.203141
5WOB_3,-43.224133
2FJF_4,-42.733790
5GZ0_1,-48.708803
6GK7_1,-41.800801
2BJM_1,-42.713188
3LRS_1,-47.777790
2FEC_1,-49.538291
3CX5_1,-46.719607
3RVX_1,-47.582683
5ERW_1,-44.886979
5DHZ_1,-39.952039
1UM6_1,-42.400642
1C08_1,-47.886555
5UHY_2,-12.226330
6B08_1,-42.477220
6A3W_4,-44.319866
5FEC_2,-42.911198
1YMH_2,-43.995358
1CLZ_1,-46.424397
3CFJ_1,-48.873432
1LK3_1,-45.462784
6FBJ_1,-44.945842
2NZ9_2,-40.375772
4KVN_1,-42.456371
1I8M_2,-43.628226
3L5X_1,-47.827346
3V4P_1,-46.786670
6N4Q_2,-47.958251
3NZ8_2,-46.199292
6BZV_1,-44.249629
6B3K_1,-44.846286
4ZS6_2,-47.311401
1EAP_1,-39.605830
4YX2_1,-43.703777
6BPA_1,-42.535734
3JWO_1,-40.080254
5CEX_2,-44.386731
5GZR_2,-69.380093
4WHT_1,-45.165243
3VI3_1,-45.768567
1CIC_2,-47.961581
1R3L_1,-41.961265
3G6A_2,-47.531746
5H2B_1,-49.672874
6GV1_1,-45.476165
2Y5T_1,-45.402211
5XAJ_2,-40.252531
6MZJ_1,-44.701982
5A1Z_1,-40.450113
5MO3_1,-41.482130
2EXW_2,-48.587096
6QN7_2,-49.598415
5WNA_1,-41.525691
1MIM_1,-47.101979
4J4P_1,-41.847504
4GW5_1,-48.017451
6AWP_1,-48.294842
6D6U_1,-47.072530
2A1W_1,-49.312087
4HHA_1,-50.693901
2XZC_1,-50.270941
4O51_1,-38.119183
4O4Y_1,-42.466745
3CFD_2,-49.806308
5THR_1,-40.892482
5OCA_1,-42.297805
1A3L_1,-46.026238
2W65_2,-44.580493
4MSW_1,-41.853910
1FE8_3,-50.335950
2VXS_1,-42.883839
5CSZ_2,-41.316705
6BHZ_1,-41.566320
1HZH_2,-51.070930
3MA9_1,-41.127931
4GXV_2,-43.802410
2ZPK_2,-49.853817
5CD3_2,-42.059520
6CMO_1,-47.499828
1CK0_1,-46.856039
5DO2_2,-49.493023
5MV4_6,-48.214479
2B1A_1,-44.130828
4LKC_1,-44.784675
1NC2_2,-45.878785
2R56_1,-51.009745
4NUJ_1,-44.998048
1GGC_1,-35.193287
4QXU_1,-47.425735
6IW2_5,-43.739272
5F3B_1,-50.494215
6IUV_2,-43.710487
4HDI_2,-52.778407
5C0R_1,-44.128257
5T5N_3,-46.445904
3J2Y_1,-54.195066
6MUI_4,-48.480545
5DFV_2,-45.589493
2ITD_1,-41.393927
5BO1_2,-41.953479
1XIW_1,-51.460850
4KK5_1,-51.976443
5OTJ_2,-45.929722
2VIT_1,-43.127627
3O2V_1,-46.038898
5IOP_2,-48.588499
4FQR_5,-44.572643
3V6F_2,-48.443732
3TYG_1,-47.972624
6CXG_1,-45.072296
2OR9_2,-43.278083
6FXN_2,-40.647009
1FDL_1,-42.163217
4UTA_2,-42.356498
1N7M_1,-47.367221
6NC2_2,-44.248734
2DBL_1,-47.362043
1TZH_1,-45.801524
4O5I_5,-38.310783
3IU3_3,-44.987792
2AGJ_1,-42.860120
6FOE_2,-43.850950
5W9O_2,-49.181746
2PW1_1,-42.172600
4HCR_1,-43.105067
2UYL_3,-43.151703
3HZY_1,-43.129042
2HT4_1,-48.666063
5W9O_1,-46.839014
6DCQ_2,-48.384275
4YHI_2,-48.287650
3KDM_2,-45.619044
1MFE_1,-47.410916
1MFC_1,-46.533212
6NZ7_1,-46.412719
5D93_1,-45.389250
5TR8_1,-48.338687
1NDM_1,-46.362756
4UT9_3,-44.462235
3RU8_1,-49.743570
5YE4_1,-45.446059
2A6J_1,-45.022900
4JPI_1,-42.043294
2XWT_1,-43.830243
5W3P_1,-43.584017
6CM3_2,-42.518788
4XCY_1,-44.186546
3J8Z_3,-45.755622
5FYL_1,-47.636529
6E5P_5,-42.946568
3J70_3,-41.620960
1UB6_1,-32.439310
2VXU_2,-49.723760
5JHL_1,-49.526513
4NCC_2,-46.849588
4RRP_3,-46.399094
4KJP_2,-47.510002
3VI4_2,-44.240550
1GPO_2,-48.099456
5YWO_1,-41.501184
2P8M_1,-41.300750
5I1I_1,-45.324031
6CUE_3,-44.291277
3LS5_1,-48.314031
2FR4_1,-45.560600
3U9U_2,-44.318140
4KXZ_2,-47.159355
6B3M_4,-43.731925
2GFB_4,-52.344607
4LLV_2,-44.170804
1MJJ_1,-42.158222
2FBJ_1,-39.293670
4N9G_4,-47.791561
6A78_2,-49.987657
3GGW_2,-44.460903
6C5H_1,-43.762381
5JO5_2,-44.466287
2NY5_1,-46.620375
1U6A_1,-43.993882
6FY0_1,-44.967822
3IDG_1,-41.483053
1ND0_2,-46.276657
4JO3_1,-41.536102
1OCW_1,-51.414246
3V4P_2,-47.276071
4M1D_1,-56.103809
43C9_3,-43.689102
3EO0_2,-44.067004
4K7P_2,-45.508618
2I5Y_2,-46.452216
6CUE_2,-44.503605
1MJU_1,-43.125240
4EVN_7,-45.867731
3PJS_1,-42.033430
4CNI_2,-42.107663
4F33_2,-48.175912
5TL5_1,-47.410721
1V7M_1,-46.441301
6ORP_2,-59.918745
2V7N_4,-43.210733
1MF2_2,-47.277079
1AR1_1,-45.175537
3O0R_1,-51.698886
5VIG_2,-46.969505
5W1K_2,-53.895386
6II4_2,-43.649748
1OAK_1,-47.420275
6N5D_2,-56.023104
4YAQ_2,-47.524914
2I9L_1,-45.826068
5TDN_1,-37.646686
4XVU_2,-42.799031
1R3I_1,-41.748568
1OAU_2,-47.535570
4LIQ_1,-44.448832
3NGB_2,-43.165337
3CVH_2,-46.565727
1XCQ_4,-47.028763
2JK5_1,-41.808851
4DQO_1,-49.555284
2IPT_1,-44.552245
5Y2M_2,-44.835745
6CJK_1,-41.055220
1YEH_1,-51.254932
6MB3_3,-47.085761
2I9L_4,-45.383736
4LVN_1,-43.311331
5TH2_1,-48.542515
5X8L_4,-48.321304
5VEB_1,-47.836761
5T1L_1,-48.506261
4JFZ_1,-45.602713
6ME1_1,-43.586758
6BZW_3,-43.067016
1NMC_2,-49.083947
4M93_2,-39.529549
1RZF_1,-42.545769
5T6L_1,-46.489973
1BEY_1,-47.428917
3F58_1,-45.561977
4O5I_6,-37.388797
3CFK_5,-50.193089
3ULU_2,-44.494258
5IF0_1,-40.047147
5VH3_2,-51.586714
5HJ3_3,-48.896556
3QEH_2,-43.993648
2VL5_2,-43.624839
5VL3_4,-38.634586
3WHE_5,-43.937280
4Z5R_3,-47.516785
6MYY_3,-44.697125
3ZKM_1,-47.837185
4ZFF_1,-40.934225
3RAJ_1,-45.696826
2AJX_1,-45.593690
1NAK_2,-47.867573
5DHV_2,-40.694062
5XRQ_2,-47.726257
5EZO_1,-48.285097
3KS0_1,-46.346538
6CXG_2,-45.230913
6QNA_3,-46.898136
5YHL_1,-48.211897
1MVU_1,-45.457880
4QT5_2,-42.492150
4TNV_6,-50.867125
4KHT_1,-41.627968
3J42_1,-47.803960
5YWP_1,-41.308787
4J1U_3,-43.967124
3JWD_1,-41.222561
5GS0_4,-45.364885
1DVF_2,-40.271286
3KYK_1,-48.578098
3BGF_2,-44.189898
5TH2_2,-48.255324
1F3D_2,-44.067248
1A4K_1,-51.981028
1PZ5_1,-53.643361
5VJO_1,-46.824448
6A76_1,-49.067422
4GXU_1,-44.285877
6HF1_1,-45.288604
5I6Z_1,-50.754414
4K8R_2,-43.097761
4F37_2,-44.796961
6FY0_2,-45.934053
6I9I_2,-38.996246
4TNV_7,-50.613892
6BQB_1,-39.940435
3PIQ_2,-45.777813
6BZU_2,-41.381837
4GMT_2,-43.490584
2NY0_1,-46.406708
2QTJ_1,-45.490127
2R0K_1,-41.772624
6B0N_1,-53.450927
2Q76_2,-42.450944
6H06_2,-36.769199
6OBZ_2,-51.707699
6AVU_1,-47.578812
5KAQ_3,-46.786709
3NFS_1,-45.470957
4XWO_3,-43.254638
6OKQ_1,-43.091169
6H06_4,-33.490381
5Y9K_1,-41.402127
3IY5_1,-43.560923
5A8H_3,-46.027135
5N7W_2,-44.548555
4LVH_2,-45.092059
1FPT_1,-44.951175
5WTT_2,-48.322827
6E56_1,-39.312263
5FB8_1,-45.658182
5I8K_1,-41.461286
4WHT_5,-47.333436
3T3P_2,-48.009325
5IOP_1,-48.443511
4NCC_1,-46.770357
1T04_2,-44.586365
4XPA_1,-48.333301
6ORO_1,-57.296274
1MHH_2,-42.441973
4Z7Q_1,-48.903384
3Q3G_1,-44.130435
4F3F_1,-48.242594
5A16_4,-47.443445
4MXV_2,-49.162273
5BK5_2,-46.258368
5IF0_2,-39.920961
4RFE_4,-44.997947
6MUG_1,-44.295650
4JZO_1,-46.709466
5D8J_1,-42.802298
3LH2_1,-43.858461
5JXE_1,-44.631658
6MLK_1,-48.376004
5OCX_1,-46.131653
6ELJ_2,-45.716243
3L7F_3,-46.277568
3BPC_1,-42.590731
4OB5_1,-45.409609
6OKQ_2,-41.142423
1QFU_1,-46.846403
4JPW_1,-40.053336
4RNR_1,-49.679764
5VYF_1,-41.536459
4RGM_1,-40.667586
1EO8_1,-44.014680
3RI5_5,-51.407079
6B3M_3,-42.426815
5T5N_5,-46.040968
4JY6_2,-48.339250
4M5Z_1,-45.437722
5YY5_1,-43.372392
1BQL_1,-50.259588
6N81_2,-43.840846
3V7A_1,-42.149038
4EVN_2,-45.990095
5X2Q_2,-46.051329
6N5E_3,-57.086544
3UBX_2,-43.095827
4M8Q_2,-45.240621
4X4X_1,-43.851928
1BBD_1,-42.888312
4LRI_1,-45.936594
3UBX_1,-42.914164
1HYS_1,-45.911402
1UWE_1,-49.394786
3U6R_1,-47.295031
6H3H_2,-47.929678
5W9I_1,-47.051977
6AL4_1,-44.717152
1Y0L_1,-53.477268
1KN2_1,-51.014101
3HR5_4,-43.423680
3EJZ_1,-50.545476
1XF5_2,-44.177523
5MU0_3,-47.187600
5YWY_1,-48.084016
1YNT_2,-49.709032
1HQ4_2,-47.857367
1TJG_1,-42.931373
3R06_3,-40.918274
4XC3_1,-43.294659
1M7I_1,-51.534976
5JW5_2,-45.992428
6I04_1,-46.120167
5GKR_1,-46.588316
5D96_2,-47.826187
5TLK_3,-49.026769
3G6J_1,-41.369488
4IJ3_1,-44.872391
3W9D_2,-47.616869
3IY7_1,-41.908743
3EO1_2,-44.224906
5GGV_1,-44.320978
3AB0_1,-54.740487
4KJQ_2,-47.090417
1C12_1,-47.585607
3CSY_3,-48.583232
3O2W_1,-45.897086
1RUK_1,-45.008285
1KIQ_1,-43.201133
4LAR_1,-48.923284
5ESZ_1,-50.876091
3D9A_1,-48.904699
6NM6_1,-40.303252
6AD0_1,-46.200390
5IQ7_1,-44.550570
3MBX_1,-46.127266
6C6X_4,-45.231548
6CNR_1,-43.960749
6MEE_2,-47.214086
6ANI_2,-42.730806
6A4K_3,-45.005027
3OKN_1,-42.065983
6ARU_1,-47.377589
3G6J_2,-43.173398
5ID0_1,-48.786314
3CFK_4,-51.129708
1AP2_2,-46.863539
5EBL_1,-41.779486
1MFD_1,-46.740821
2HTL_1,-47.951784
3OKO_1,-42.987604
3BGF_1,-41.840363
5KVF_1,-45.730473
5VR9_2,-45.566452
6N5B_1,-52.625319
6B7Z_2,-47.432829
6NB5_1,-46.158072
4G80_2,-42.726005
6B3S_2,-46.215691
5VCN_2,-47.423959
4RRP_6,-48.632152
5IVZ_2,-49.097498
1UB5_1,-30.884546
4YZF_4,-45.130232
5UDD_4,-46.303208
5N09_1,-45.168726
3T3P_1,-47.907410
5N2K_7,-43.291547
3FO1_2,-44.265498
4LST_1,-43.684925
5I1D_1,-44.989132
5N0A_2,-44.642162
5UM8_1,-41.298243
3LD8_1,-44.250272
6H3H_1,-46.509328
3LDB_1,-44.438128
4GXU_4,-41.291586
6NC3_2,-45.539494
4ETQ_2,-46.150515
3CHN_1,-45.491346
5TPN_1,-44.684481
6D6T_2,-45.933728
1KCR_1,-44.086669
1CBV_1,-51.580199
4XWO_4,-42.866327
5TR1_1,-45.006860
1A14_1,-47.931341
3MCK_2,-46.153278
6MTP_2,-43.864046
3BZ4_1,-46.289564
4Z0X_1,-43.582467
5KEL_5,-43.722914
1S78_2,-48.229669
6DWI_7,-41.405421
2DQI_1,-45.864349
6FAB_1,-45.619963
2AI0_1,-49.373975
5MHE_1,-50.824393
1XF2_2,-48.006565
1A6W_1,-46.431457
3VI3_2,-43.885874
1N8Z_1,-43.994229
3CXH_1,-45.538730
6D11_1,-45.901860
1TZI_1,-41.542861
1AXS_2,-42.185267
3PNW_7,-45.063130
6DWI_1,-38.622662
1KEG_1,-42.572916
2AJU_1,-46.048856
2CMR_1,-40.673837
5T29_1,-42.822229
4G7Y_1,-46.399981
6MU6_1,-40.798966
4XTR_1,-43.227631
5C0S_1,-44.795246
6B5P_1,-43.976172
1FL3_1,-30.951270
4HFW_1,-41.427765
1T2Q_1,-44.341563
4LMQ_2,-47.885645
5A16_2,-48.794398
4UIF_2,-38.464735
6MHR_2,-48.274337
5DD6_2,-51.732398
6NN3_1,-49.163402
6AWO_1,-48.073294
4HGW_1,-42.787411
5GKS_2,-52.791286
1GGB_1,-37.988149
4KV5_4,-46.796618
4R96_1,-44.870534
2UUD_1,-46.478271
1MRE_1,-46.289901
5HDB_1,-48.867266
6BFQ_1,-46.712319
4EVN_8,-45.999887
4BZ2_1,-43.311130
3TNN_2,-43.618034
4LLV_3,-46.593827
6NB4_1,-49.985512
3O11_1,-46.973334
4EDX_2,-50.159242
1FSK_4,-43.885110
4YDJ_1,-44.447166
6D9G_1,-43.768242
4NM8_1,-43.570070
1QLR_1,-45.972907
4XCY_2,-45.740056
5UIX_1,-47.850943
2AEP_1,-42.938052
4XGZ_5,-44.195536
1DQL_1,-42.582056
3V4V_1,-48.544346
4WHT_2,-45.272504
1BBJ_1,-43.342148
4FP8_1,-44.682123
4MHJ_6,-49.679884
5KN5_2,-40.628343
6NNF_1,-42.048251
1NAK_1,-48.238867
3ULV_1,-48.465545
1FAI_1,-48.953195
3G6D_1,-43.888049
4XBP_4,-45.125791
1E4W_1,-48.919420
5Y0A_3,-42.556240
6DZM_2,-54.943057
4WHT_8,-44.668851
5F6I_1,-46.297216
5GHW_1,-41.820295
3HI1_2,-45.061151
6MUF_1,-42.476021
4TNV_8,-50.948274
6DID_2,-41.214367
2PW2_1,-41.423771
6B9J_2,-47.502209
4RQS_1,-48.560701
3NCJ_1,-46.907417
4AL8_1,-45.694132
1RZG_2,-41.675386
6E64_1,-42.628057
4LOU_2,-47.013865
2DWD_1,-41.777594
2BMK_2,-45.193615
6ELE_2,-46.530644
1UB6_2,-35.302330
5IQ9_2,-43.726888
2OTW_2,-47.718186
2R1Y_1,-43.003928
2ESG_1,-45.487190
2UYL_1,-43.403102
3SKJ_2,-55.510213
3WSQ_1,-46.318686
4WFG_2,-46.252105
5I76_1,-48.855173
5UKR_1,-43.250927
5EZJ_1,-46.115514
5W6G_1,-46.300415
5IFJ_1,-39.794388
4XBP_1,-45.722630
4CMH_1,-44.754236
5W08_4,-45.177443
4YC2_1,-51.582857
4OD2_1,-45.726736
5YOY_5,-43.745366
5TRU_2,-43.688832
4UIM_4,-52.748785
1YEI_1,-51.350431
4NRY_2,-47.530095
3QO0_1,-42.740485
4XHJ_2,-41.783497
4N90_3,-50.395503
2YK1_1,-41.696036
4EVN_5,-45.876927
6BAE_1,-47.140955
4R4B_1,-48.678327
6QEX_1,-51.247954
5WDU_3,-50.508614
3BSZ_2,-47.114601
6NJN_2,-61.528078
6MED_2,-40.839794
3O41_2,-41.722076
5E94_1,-50.394660
3F5W_1,-42.479076
4Y5V_3,-45.526054
1ZA3_2,-45.248765
6DLA_1,-40.446876
4ORG_2,-46.403775
4LOU_1,-50.236336
1XCT_2,-44.209367
5ID1_1,-48.606372
1DLF_1,-46.712380
4FP8_2,-43.524111
1MH5_1,-44.840181
1AXT_1,-43.140213
3BN9_1,-47.359929
2OJZ_1,-46.663747
3IKC_1,-42.471789
6MB3_7,-47.691877
2AJV_1,-45.393408
4RFN_2,-44.649037
3V52_1,-50.765908
5X2O_1,-45.423768
5F9W_2,-49.397475
3BKJ_1,-44.373782
6A77_1,-55.754067
4TNV_2,-50.016043
5BK1_2,-42.857890
6DDM_1,-47.192644
6EV2_4,-52.827970
6MHG_7,-46.513935
5Y9F_3,-52.144345
1NBV_1,-42.654584
2HTK_2,-46.286154
2YBR_3,-48.849556
4RFE_1,-43.642118
6BF9_2,-51.258793
5WNB_2,-42.473848
6HKG_1,-45.909369
6OKP_1,-44.959983
1NGW_2,-49.928821
3J2X_4,-45.746521
4AEH_1,-43.989960
4XP6_1,-48.151278
3A6C_1,-47.083791
1OTT_1,-47.018890
4ZTO_1,-42.771432
4HIJ_1,-41.812751
2EIZ_1,-45.607565
5KG9_1,-48.569109
1R70_2,-46.537705
3J8W_1,-45.071511
1M7D_1,-52.547748
6MTP_1,-44.986244
6APD_3,-43.720888
5VPG_1,-43.029958
4JJ5_1,-44.534289
5H37_3,-50.386467
5TBD_4,-51.798037
5W9K_3,-47.126790
1SEQ_1,-48.031124
5KEN_5,-50.522570
1UAC_1,-48.335771
2HWZ_1,-44.107405
5B8C_2,-44.107847
1I7Z_2,-44.442848
3J8W_2,-45.072022
2YBR_2,-48.950197
4QNP_2,-45.437718
3OJD_1,-43.187357
1PG7_1,-50.886183
4KMT_1,-44.877688
1U8O_1,-41.653801
3J2X_1,-45.744117
4RDQ_1,-46.786942
6NC2_4,-44.251686
5HPM_1,-48.973943
43CA_4,-41.737329
4KQ3_1,-46.966575
5HBV_1,-53.719726
5TF1_1,-42.014467
5H35_2,-49.658085
6N7J_1,-39.588141
4HPY_1,-48.787561
6DB5_2,-41.393989
1TQB_1,-51.599224
5JOR_3,-46.720315
4RAV_2,-53.998476
5B4M_2,-50.293941
2X7L_6,-39.984000
3WD5_1,-43.835539
5T78_1,-50.497038
5VQM_1,-48.481879
5XKU_1,-42.538740
4HJ0_1,-45.621287
3O45_2,-41.657890
4K8R_1,-43.724703
2FED_1,-48.761328
4UT6_2,-47.934160
6B3M_2,-43.661364
1WEJ_1,-44.397053
1I8I_1,-47.528629
4DN3_1,-41.932153
2AJ3_2,-47.145720
3CMO_1,-45.955109
5UTZ_4,-44.153381
5MYK_1,-46.554972
2GJZ_1,-45.299794
4MXW_1,-48.976182
2OTU_3,-46.150466
3J8W_4,-45.069772
6ORN_1,-42.640815
4YZF_2,-46.276152
2EXY_1,-47.516681
3NH7_1,-45.511778
5W4L_1,-45.118054
1CFN_1,-38.474689
6MDT_1,-38.034340
5FGB_1,-45.871777
5VSI_1,-48.010755
6EA7_3,-46.396535
4ODV_1,-49.685099
2AJY_1,-46.393120
6B9Y_1,-46.432770
5GZO_2,-44.764122
6AYZ_1,-43.888708
1RZI_6,-38.166779
1BVK_2,-42.087044
3SGD_1,-44.068533
5JQ6_1,-46.178344
3J2Z_4,-54.191804
5VL7_1,-46.606789
2VDO_1,-47.427834
2GFB_5,-51.511609
5VKH_1,-41.686106
1QLE_1,-50.273539
6CBJ_1,-43.858472
3RIF_1,-52.013269
1XGU_1,-48.378992
3RIA_3,-52.714892
4Q6I_4,-37.021613
5ANY_2,-48.489535
6MEJ_2,-39.713313
2DQU_1,-47.391534
5W9I_2,-47.022983
5UCB_1,-43.154860
5HPM_2,-49.409514
5TIH_1,-46.800159
4HIH_2,-41.978805
5D6C_2,-42.659671
3VG0_1,-45.890669
6BT3_1,-46.360096
4FQV_2,-46.269752
6AXP_1,-48.281727
5EA0_1,-46.108863
3LEY_1,-49.979974
6FLA_2,-45.937249
4HS6_1,-43.254745
5U3K_1,-51.474918
3J30_4,-45.752608
5F9W_1,-48.487711
6E5P_3,-44.151520
1LO3_2,-44.492127
1RZI_5,-43.920319
5F6H_2,-43.903332
1AFV_1,-45.647194
3GI9_1,-44.206807
4XPB_1,-48.085687
4Z7N_1,-49.032304
4MWF_1,-54.147265
4JKP_1,-44.140564
2OJZ_2,-46.396106
6A67_2,-50.553583
6MTT_1,-47.177590
5W9I_3,-47.394382
1JN6_1,-51.424628
3J2Z_3,-54.185112
3QG6_2,-49.455531
3K2U_1,-46.931886
5T1M_1,-47.855306
3U6R_2,-47.102883
1G7M_1,-42.706588
5W06_1,-44.225817
5MUQ_2,-42.358563
1HIM_1,-47.616855
6N4R_2,-47.308262
4WHT_9,-44.807683
6BZY_1,-44.790183
3UJJ_1,-44.195622
3NH7_4,-46.689579
6MU7_1,-39.996320
4UBD_2,-43.095470
3T3M_1,-48.447546
3VI4_1,-44.247857
2JB5_1,-42.181063
4FQR_9,-44.296088
4FP8_3,-44.103680
4LU5_2,-40.344936
5WK3_4,-43.999310
4AEI_1,-49.700018
2NXY_1,-45.876453
2PR4_1,-40.753638
5WOB_8,-41.569860
5IFH_1,-45.509409
3NCY_2,-48.558473
5WOB_5,-41.870119
4GW1_2,-48.183986
1YY8_2,-47.325763
4HS8_1,-39.919619
5V6L_2,-41.287383
4XNM_1,-42.755486
2W9D_1,-48.062351
4RZC_4,-40.935975
1WC7_2,-44.301023
1IL1_1,-46.823712
5B4M_1,-49.088146
5DD5_1,-49.770021
5IBU_1,-47.045543
4FQR_2,-44.466964
5T1M_2,-48.051692
5W08_6,-47.423484
5W05_1,-43.002631
4RDQ_4,-46.482105
1JHK_1,-43.151882
3W12_1,-42.200221
6C5V_1,-47.211957
5GZN_2,-41.539062
6C5K_2,-43.520456
5JW4_3,-47.993805
5CWS_2,-44.544437
3W9D_1,-46.714531
2G5B_3,-44.142629
1OPG_1,-46.728626
4TUJ_1,-47.302052
1IFH_1,-46.543675
5CD3_4,-42.811640
5IV2_2,-48.574511
1LO0_2,-45.174650
4JHW_1,-45.693934
3ZTJ_3,-44.597210
4C2I_2,-44.131590
4QY8_1,-46.293541
6CBV_1,-42.769537
6DDV_1,-49.414815
4NPY_2,-42.619518
3J8Z_2,-45.758567
2NXZ_1,-45.666847
5TQQ_1,-45.879088
4NYL_3,-42.624467
2A9N_1,-42.299583
5UBY_1,-45.241882
3GRW_1,-46.736385
5W08_2,-44.327358
5ESV_2,-48.679393
6DB8_1,-41.844744
4LVH_3,-48.676798
2GCY_1,-45.044538
3PNW_8,-46.265944
1XF2_1,-44.349676
3UO1_1,-51.234700
1D6V_1,-40.880605
1AD9_2,-47.528120
5XCX_1,-47.097693
6EDU_2,-48.218001
2EKS_1,-45.868465
2OSL_1,-48.487429
1ETZ_2,-46.683375
1MPA_1,-41.909974
4M8Q_1,-43.299119
4YDV_2,-48.356267
6OKQ_3,-42.832118
4XPH_1,-47.936372
5JOF_4,-47.644758
6DFJ_1,-47.604093
2GSG_1,-45.277395
4RGN_1,-46.621920
6MWX_3,-48.483829
5T0Y_2,-46.674003
4UT6_1,-47.935114
6MHG_2,-44.522470
4RGO_1,-46.614699
3EO9_1,-49.159382
3HAE_2,-47.399713
1BJ1_2,-46.283230
6MUI_2,-48.477111
5EII_1,-45.236995
6NJL_1,-55.716837
5DUR_2,-51.076982
5JOR_2,-46.990096
4O5I_3,-37.535054
2AI0_3,-48.448319
5MY4_1,-47.466660
5DMG_1,-40.588527
2EXW_1,-48.727618
4GMS_2,-43.748023
6BFQ_4,-46.960871
6CT7_2,-39.371179
2WUC_1,-46.578849
4YDI_1,-44.455618
4RZC_1,-41.061676
4PB9_1,-49.009107
4FAB_1,-43.509195
4UBD_5,-42.286185
5YOY_4,-44.816221
1QKZ_1,-47.388945
6MED_3,-40.990673
5CWS_1,-44.275232
1V7N_1,-48.769102
5V2A_1,-44.019576
5WOB_2,-44.276304
5VJQ_2,-48.889235
1RZJ_1,-46.315700
2NY6_1,-46.911204
4IOI_1,-46.575834
3MLY_1,-43.679203
2UZI_1,-43.117831
5F3H_4,-48.688908
4N8C_1,-43.944268
5EZL_1,-48.985505
2H2P_2,-48.509585
1DFB_1,-42.706192
1MFB_1,-46.709713
5KEM_2,-56.891411
3UJT_2,-44.046933
5CHN_1,-43.679869
5X2M_2,-44.934996
2G5B_1,-44.694266
5ZIA_6,-49.344804
6II8_2,-46.684385
4MA7_1,-42.529194
3HNT_1,-49.722278
5A1Z_2,-39.822763
1OTU_2,-47.093065
6CDE_2,-49.394612
4HG4_4,-45.003066
2LTQ_1,-50.032873
5T6L_2,-41.314127
5FHB_1,-45.115281
2ADG_1,-49.126750
5CSZ_1,-42.231204
6CNJ_3,-46.293013
3WHE_7,-43.945977
5T5B_1,-44.912993
6N32_2,-43.867176
3SGD_2,-46.825981
4R4N_6,-50.408059
4PLK_4,-44.583378
6N2X_1,-45.084849
1MAM_1,-50.092811
5VSH_1,-45.556554
4R2G_2,-39.278475
5IT2_1,-46.460673
6E4X_1,-49.295393
5CIP_2,-42.952551
4TNV_1,-49.714707
2OP4_1,-43.561434
1F4X_1,-44.273678
5HI4_2,-42.024373
2RCJ_9,-41.468687
1DN0_1,-47.210325
1I8M_1,-48.145150
4ZTO_2,-42.203999
6NB7_3,-49.285846
2FX8_4,-43.669725
6H0E_1,-35.638170
2OTU_2,-46.095383
1VGE_1,-45.647319
3ZE1_2,-49.676482
6CXL_2,-44.972404
3GO1_1,-47.034752
2I60_1,-45.425926
5UTZ_3,-44.507005
2GFB_8,-52.446330
4G6A_2,-43.528296
3P30_1,-49.744491
2XA8_1,-47.481140
4YDL_2,-41.459472
2YSS_1,-47.474173
5TBD_3,-47.886684
5U3D_1,-42.404084
6MTJ_1,-39.928764
3MUG_3,-47.434829
3EJY_2,-46.666899
1F90_1,-47.214469
4XNX_1,-47.413242
1ZA6_4,-46.629771
1Q1J_2,-57.621962
5EUK_2,-47.572601
3NIG_1,-48.249761
4IRZ_1,-44.905804
2FL5_4,-45.886402
3GIZ_1,-46.358167
4OKV_2,-42.875580
6HIG_1,-46.173719
6F7T_1,-40.905454
6CSE_1,-45.431898
1RZI_3,-38.709239
2OTW_1,-46.778594
5JOR_4,-47.865782
4R7D_4,-45.586014
4LVH_1,-44.901400
3NN8_2,-45.674316
2G5B_2,-45.300410
2Z91_1,-54.448248
5IJK_2,-45.440745
5W3L_1,-40.507172
6CUE_5,-44.120800
5VIG_1,-46.240811
1RFD_1,-45.224220
1R3K_1,-41.850127
3DUU_2,-46.234287
6B5T_1,-43.579357
1RU9_1,-44.706318
5KEN_4,-49.629740
4AM0_1,-46.235044
5TKJ_1,-40.669138
3ZTN_1,-45.660026
5W23_3,-45.530618
3O6K_1,-45.453835
3INU_2,-45.540524
1Y0L_2,-50.767763
1UYW_1,-43.603454
4R0L_1,-42.676107
4FZ8_1,-46.463796
1FL5_2,-40.776653
4RAU_1,-47.094433
5UOE_4,-44.183804
6C5K_1,-45.029598
4YQX_1,-48.120096
4K23_1,-50.094058
1MLC_2,-42.820225
5I8H_4,-44.619369
5N0A_1,-43.733149
4FQH_1,-43.744596
4ZYK_2,-45.048246
5UEL_1,-39.624774
1NGX_2,-48.169614
5B8C_1,-44.908246
1M71_1,-51.635387
3IU3_2,-46.233337
2IG2_1,-43.616874
4UBD_4,-42.073201
4O5L_1,-38.479889
1T3F_1,-45.677224
6MSY_1,-45.175275
5MYO_1,-48.747317
6OCB_1,-53.075554
5MVJ_1,-42.279453
5W9H_1,-46.572855
4OLW_1,-44.447138
3NA9_1,-46.026204
6DZZ_1,-45.959992
5IHZ_1,-35.376974
3EFD_1,-46.970917
5VGJ_1,-44.864029
3OB0_1,-43.009647
4QYO_1,-46.193991
3O41_1,-42.954130
3MUG_1,-48.361574
4RFN_1,-46.878223
1I3G_1,-45.066343
6BF4_1,-48.201606
5W42_1,-48.586449
5VSH_2,-45.508764
6NB3_1,-50.240744
6ORO_3,-57.301976
6EWB_1,-49.715874
5MV4_4,-48.952398
3OR7_1,-42.497268
4TSA_1,-45.377449
1T4K_2,-45.655529
6CDE_1,-51.475220
3EOA_1,-47.732790
5VL3_1,-38.796198
2VXS_4,-42.611403
4R7N_6,-45.491837
4KI5_1,-39.485915
5T5N_4,-45.713143
2QTJ_4,-45.489748
6FXN_5,-41.452966
3DSF_1,-42.923947
4Z95_1,-51.008721
6CXY_1,-44.555471
4LSQ_1,-43.610797
3IU4_1,-47.270089
1AD0_1,-44.190602
6D01_1,-46.771338
6MUB_2,-44.131609
4QXT_1,-46.141524
4S2S_2,-47.988993
5W3M_1,-44.594413
4NKM_4,-46.660984
6ME1_2,-42.872183
5HDB_2,-49.039942
3BKY_1,-45.819407
1FL3_2,-32.731761
5BO1_1,-43.136910
3OB0_2,-42.721114
2XQY_2,-45.226191
1TZH_2,-46.299561
4UT9_4,-45.061879
4JY6_1,-47.044905
4KK9_1,-49.224894
4P3C_1,-47.937990
6CCB_1,-43.189149
4HJ0_2,-45.027311
5O6V_2,-59.543895
3J8V_3,-45.109615
4KUZ_1,-48.049251
5I1K_1,-44.254561
5CJS_2,-47.233270
5I1A_1,-43.730294
5ZMJ_1,-44.133326
5H35_1,-49.611946
5YFI_1,-46.759074
6FXN_6,-41.123638
1RHH_2,-47.211937
5MUB_1,-48.798233
4U6H_2,-49.682331
3I9G_1,-45.866068
1U8I_1,-41.599259
6N35_2,-44.468060
1NBZ_1,-48.091485
4D9L_2,-45.212327
6I8S_2,-47.250189
5FUO_1,-47.174388
1NDG_1,-47.238420
2J6E_1,-47.144643
3NAB_1,-46.106847
5IGX_1,-40.475435
4KK9_2,-46.828199
5GGR_2,-46.417261
2R4S_1,-44.287532
6DCA_4,-44.365403
3MLW_1,-42.928411
2Y6S_2,-45.050952
1NGW_1,-50.102078
1XF4_2,-44.989533
3CLF_1,-46.586141
4JN2_1,-43.618815
4WEB_1,-46.059673
6BLI_1,-43.870456
1N0X_2,-49.393806
4LF3_2,-43.514818
1U8Q_1,-41.554471
6BZV_2,-44.440114
3MCK_1,-46.684699
3PIQ_1,-46.206896
4XBG_5,-43.778961
5CMA_1,-47.600777
4LSP_1,-41.271989
4XWO_6,-42.027154
6QN9_1,-45.056367
5JO5_1,-45.556254
5GGQ_1,-43.124030
3OKE_1,-43.852799
4HLZ_1,-45.114398
1EJO_1,-49.444071
6CCB_2,-42.740805
6GKU_1,-46.652111
4RFO_1,-45.650013
5MV4_2,-48.727937
3C09_1,-45.294564
3U7W_1,-43.644402
1OAX_2,-48.268095
2FL5_1,-46.826521
5NYX_2,-48.458904
4KUC_2,-41.808574
3WIF_1,-39.296914
4NZT_1,-40.432206
3PNW_2,-46.002842
1P7K_2,-45.973792
3C5S_1,-48.314282
6AYN_1,-48.226493
5I75_1,-49.603099
5MP1_2,-43.471509
1Y0L_3,-53.537325
6BTJ_1,-48.267027
6IDG_1,-40.260609
2ZCH_1,-40.594015
4RNR_2,-49.074770
5UQY_3,-43.249886
4YBQ_2,-44.552559
6IEQ_1,-39.739372
6MH2_1,-45.648241
5VSH_4,-43.711255
3U4E_1,-45.136672
1K6Q_1,-40.007661
6N5E_2,-54.040046
5VN8_1,-52.712299
4NP4_1,-43.089919
4AT6_3,-52.075012
4NKO_1,-44.078527
4R7D_2,-46.624577
2HT2_2,-46.618414
6C9U_1,-39.780726
5TE6_1,-45.562620
4FNL_1,-44.323212
5N2K_5,-43.471116
3EFF_2,-42.427398
6OE4_1,-48.858683
4RRP_4,-42.970554
6DZL_3,-50.673095
5XAJ_1,-39.251262
5I8H_3,-50.182304
1OSP_1,-49.316087
2P8P_1,-40.947139
6CM3_1,-42.320304
5IQ9_1,-43.594176
5XHG_2,-42.471696
5O4G_1,-46.559066
4MA1_2,-43.402619
4NJ9_1,-45.160946
4M48_1,-48.950416
1BFV_1,-47.562567
4DTG_1,-51.051790
4N0Y_1,-49.303436
4OGX_1,-42.286383
5VIC_1,-47.470893
1CFT_1,-39.332027
5D9Q_3,-51.456777
1MCO_1,-56.880034
6OC3_2,-54.793728
5X2O_2,-44.302595
5WK2_1,-43.479096
6CUE_4,-48.617683
3WHE_3,-43.791589
6IAP_1,-44.231502
5IVZ_1,-48.420708
6B9Z_1,-42.573779
4UIN_1,-55.106534
4RFE_3,-44.323573
5HD8_1,-50.085725
4HC1_1,-48.815639
6CK9_1,-42.231307
6O39_1,-45.323592
6HJP_1,-45.015787
6DB7_2,-39.686654
3HMX_1,-45.748933
5TE7_1,-45.144354
1C1E_1,-49.456460
4QNP_1,-44.815235
5SX5_2,-47.602883
1AI1_1,-42.048698
5NYX_1,-47.593785
4OSU_1,-44.516315
4M61_1,-46.268830
5EOC_1,-43.737927
6DZL_2,-50.672076
3UJT_1,-46.281754
4JN1_1,-44.085366
3QG6_1,-49.349870
6E62_2,-44.367754
5UGY_2,-42.163006
4XPF_1,-47.757845
1CZ8_2,-44.567773
3MOD_1,-42.498247
3S96_2,-51.938885
3QQ9_1,-43.270494
6CDE_5,-51.472205
6QN7_1,-50.880604
3MLW_2,-42.214492
4YDL_1,-41.211097
6ORN_3,-42.656009
5K9Q_6,-42.457199
4KHX_1,-40.791162
3CM9_4,-46.728651
5BK3_1,-53.654973
3AAZ_1,-41.781858
5A3I_2,-44.504229
5EOC_2,-43.192657
2O5Y_1,-45.788607
5ACO_3,-49.510173
3EYU_1,-45.372765
3U9P_1,-42.779938
6APD_6,-49.584488
5N4J_1,-42.896072
3GBM_1,-43.036513
3NGB_4,-41.917938
4RIR_2,-45.112175
3HAE_4,-47.531889
2QAD_2,-46.940346
1IGI_1,-49.162829
1ACY_1,-43.542095
1WZ1_1,-49.404638
4HPO_1,-48.197027
3SO3_1,-40.773509
3IDX_1,-43.800830
1I7Z_1,-44.158833
6MHG_9,-47.099835
6MTO_1,-44.521392
5DQJ_1,-45.226678
3QEH_3,-44.676660
5V7U_1,-36.103110
2MPA_1,-41.907483
6CNK_2,-46.715502
4NM4_1,-42.757237
4O5I_4,-37.674550
2Y07_1,-56.067307
4AMK_1,-45.047629
2DQH_1,-48.313854
5OCC_1,-44.167935
4G5Z_1,-42.715123
2JIX_1,-48.713107
6EDU_3,-48.711496
2RCS_1,-45.587887
6MYY_1,-44.697561
4KPH_2,-49.739157
4KKL_1,-51.098349
4JFY_1,-43.902285
6CEZ_1,-46.531021
3PIQ_4,-45.697890
5MV4_1,-47.822932
2NZ9_1,-40.788417
6ANA_1,-32.795362
3W2D_1,-49.782582
5T0Y_3,-47.019177
6N81_1,-44.200163
3RIF_2,-52.314447
5TLK_4,-48.729290
4YHI_1,-47.514410
5ANM_3,-43.676057
3LEX_2,-51.004899
1Q1J_1,-57.877257
4XVS_1,-42.473505
3NFP_1,-49.267606
3L7E_2,-52.660392
5TBD_2,-48.375441
2R29_1,-43.632299
3IXY_1,-49.946669
2R2E_1,-44.043930
1XF4_1,-45.239856
4WFH_1,-47.424194
6MUB_1,-43.933595
6CDO_1,-42.521760
5U3J_1,-50.470417
5UEM_1,-37.855281
4XCE_3,-46.306287
5USH_1,-42.182964
5LDN_1,-46.691942
4TQE_1,-50.171541
6FOE_1,-43.305199
3IY6_1,-41.843630
1RZG_1,-42.910585
5EBW_1,-41.958504
4GAJ_1,-44.193102
2X7L_3,-40.455522
6NC2_5,-44.248734
6MU3_1,-44.071940
5MP1_1,-44.668767
4XAK_2,-44.287643
5VK2_2,-44.851810
4LLW_1,-44.826562
3BKM_1,-44.855560
3HC0_2,-44.318917
5ZXV_2,-42.367971
5X5X_1,-46.934797
3QCV_2,-44.351522
1A6T_1,-48.818219
5VJ6_1,-40.660240
6J5F_1,-44.592557
4PB0_1,-46.352529
3OZ9_1,-44.411830
2ZPK_1,-47.062100
3LH2_2,-45.500483
4Z5R_2,-47.463056
5W9O_3,-48.351850
4R7N_3,-45.411630
5DSC_3,-40.387561
3WLW_2,-39.410199
6CRQ_3,-47.618905
4XRC_1,-42.331978
6BGT_1,-43.734691
5Y9F_1,-50.450571
1PG7_3,-45.293728
5YSL_3,-46.254396
5F7E_1,-42.313635
3KR3_1,-47.589878
1KCV_1,-48.585297
4Q2Z_1,-43.819034
4Z8F_1,-50.666638
3DUU_1,-43.329207
6N4R_1,-48.102178
6OT0_1,-41.573568
2HT3_2,-45.591764
6CYF_4,-46.774768
4JZJ_2,-49.928241
6DJP_1,-48.805115
4UBD_3,-43.489585
5FEH_1,-41.971541
2V7N_1,-44.657566
6QEE_1,-51.829194
4OLX_1,-43.652177
5UMN_2,-44.752526
4QHK_2,-47.683258
6FY3_1,-49.187149
3DUS_2,-43.557684
3QWO_1,-43.895436
3DGG_1,-43.194153
4MAU_1,-45.534540
1OAU_1,-47.521268
5DSC_2,-39.009567
2V7N_3,-43.415494
2XQY_1,-44.015731
3Q6F_6,-46.031765
3O45_1,-42.851750
4I9W_2,-46.137536
2Z93_1,-53.280582
1IC4_1,-48.530354
2R1W_1,-43.020740
4MWF_2,-49.001792
3U46_1,-47.337402
1U8H_1,-41.590399
5EBM_1,-42.209756
3HR5_3,-43.483404
5BV7_1,-45.847172
5K8A_4,-43.541905
2VDM_1,-46.928593
5MP3_2,-42.848491
6BZV_3,-44.787581
3V6F_4,-47.557340
4KI5_2,-43.601440
4K7P_1,-46.611096
5LGH_1,-46.830622
4G6F_2,-43.248075
5THR_2,-38.669553
5U3O_1,-50.989488
5KEM_3,-56.892349
4NYL_1,-41.831133
5N2K_8,-45.531289
5B71_2,-41.420235
1TZG_1,-43.159821
4HT1_1,-48.089387
6H0E_2,-36.038892
4X7S_1,-47.233874
5T4Z_1,-45.953439
5XAJ_4,-40.679815
6B3M_1,-43.543207
4XHJ_1,-42.663248
2XKN_1,-49.951937
4YZF_1,-45.677669
2VQ1_2,-43.967393
4RDQ_3,-46.846714
4L5F_1,-45.393433
6BE2_1,-37.396074
4KY1_1,-44.253560
2QSC_1,-51.405661
3RVT_1,-43.383420
2FJF_8,-43.054926
1S78_1,-49.664415
5F6H_3,-43.341723
5IK3_2,-43.250770
6O3B_1,-46.099973
4Y5Y_1,-48.369094
4JDV_1,-43.870562
5UOE_2,-44.935600
4UTA_1,-42.005013
4G3Y_1,-50.335688
6FLB_1,-45.786998
4FQ2_1,-40.783564
5DWU_1,-43.967651
6MB3_2,-47.472028
2XZA_1,-50.396540
1U8K_1,-42.230755
2CK0_1,-46.578305
6B3M_6,-43.767550
6CDI_3,-42.912672
6BZW_2,-44.086781
1IGT_1,-44.577772
6CJK_2,-40.215580
2OQJ_3,-43.320269
1DBA_1,-46.496607
3HFM_1,-49.522219
4DW2_1,-49.669085
5VZY_1,-40.281063
2UYL_2,-43.126819
4XH2_2,-42.887677
6BZV_4,-44.547985
2OQJ_1,-42.505273
3HC4_1,-48.791603
5A7X_1,-46.030361
3J70_1,-41.618024
2QQL_1,-43.456211
5JOF_1,-45.366064
4JG0_1,-45.811966
2OR9_1,-48.941388
5UOE_1,-44.743992
1NL0_1,-47.131067
4PLK_3,-48.546157
2PCP_2,-43.961191
3HZK_1,-43.128385
5HYQ_2,-48.348208
3MLT_1,-42.389920
1G9N_1,-46.070030
4KXZ_3,-42.233522
3HNS_1,-50.063210
1SBS_1,-49.223185
1UA6_1,-47.121272
3IVK_2,-43.981326
6O3A_1,-45.690411
2O5X_1,-45.001256
5I17_2,-45.786658
1Y18_4,-49.232197
4JR9_1,-43.124385
4NNP_2,-45.584570
5T33_1,-45.804687
5HDQ_1,-43.326059
4Z5R_4,-47.345352
6FY1_2,-43.764639
3U4E_2,-45.306491
2I9L_3,-44.225727
5EPM_1,-42.874270
2FJF_3,-42.281150
6N35_1,-45.454000
4YHM_1,-45.987884
5MHR_1,-47.542118
4NJA_1,-47.268499
6CA6_1,-41.369265
2HT4_2,-46.234787
6ORN_2,-42.645245
1KNO_3,-46.848438
4R7N_4,-46.746576
4MXV_3,-47.436946
5XHF_1,-45.563756
6CDE_4,-51.474420
6CSF_1,-45.561053
1CF8_1,-46.939407
4OUU_1,-47.641685
6OE5_2,-50.334533
4UIM_2,-51.470510
3IY1_1,-40.542635
5KEL_6,-43.209425
3RI5_3,-51.973520
1XGY_1,-48.061059
3QUM_1,-47.898696
3CSY_2,-48.853870
2R2H_1,-42.608714
2YBR_1,-48.568149
1G7L_1,-43.529347
2LTQ_2,-48.936586
6APD_4,-44.142898
2E27_1,-45.632052
4R4N_3,-50.227314
4HH9_1,-43.873484
6GHG_2,-42.153838
2YMX_1,-49.269677
1CZ8_1,-45.082949
6IW2_3,-45.059848
4RAU_5,-47.541170
3FCT_2,-49.339986
4JPK_1,-41.287201
4D9L_1,-47.304837
2YKL_1,-42.894678
1NGQ_1,-47.555275
3WLW_1,-41.668768
2Y06_1,-53.084738
4UUJ_1,-41.879728
5HYQ_1,-48.406783
5I2I_1,-48.236834
5T6P_2,-49.783417
4QHU_1,-43.748923
6DZW_1,-47.289731
4JO4_2,-41.709929
5I1H_1,-44.982347
3IDY_2,-41.797751
6MB3_9,-47.166156
6BB4_3,-46.979881
5H37_2,-49.750087
5MHR_2,-46.665794
1RZK_1,-46.027064
4KKC_2,-47.529549
3PJS_2,-42.763725
1BGX_1,-60.754947
5DLM_2,-48.716419
1S3K_1,-46.573170
5LBS_2,-42.615497
4PLK_2,-47.561376
5K9K_1,-51.086117
5B6F_3,-43.767694
6AZZ_1,-43.748319
4TPR_1,-44.667821
1SY6_1,-46.061837
3TT1_2,-44.795697
5WK3_2,-44.071951
5CP7_2,-45.597928
3GHB_1,-57.060024
1DEE_3,-46.303766
4IMK_1,-42.393156
5I19_1,-44.934785
1YEE_1,-46.907174
5VL3_2,-38.124870
5WI9_1,-45.314503
4PLK_1,-47.634336
6R2S_1,-50.289387
4XGZ_9,-43.531494
2A9M_2,-42.447893
5IFJ_3,-40.032450
3PNW_3,-46.314353
2VXQ_1,-39.004904
2J4W_1,-44.988133
4U6H_1,-49.423203
1ZWI_1,-40.871009
5WHJ_1,-42.639621
1YY9_1,-48.015022
1KB9_1,-47.744176
5MUQ_1,-42.187088
3AB0_2,-52.338404
1T03_1,-44.692371
1RJL_1,-45.515826
4R4N_5,-49.870332
3J30_1,-45.744457
1J05_1,-43.855611
1FIG_1,-43.267414
4QHM_3,-47.900695
5BVJ_1,-46.232713
5I73_1,-50.228267
6N7U_1,-36.446425
5EC2_1,-42.356905
6MWV_2,-48.484314
3LHP_1,-43.961698
3U9P_2,-44.526028
3X3F_1,-42.313020
5TQA_2,-40.035517
1JNH_1,-51.228668
2FX8_3,-42.984821
6DID_3,-41.216118
1A3R_1,-45.472262
2C1O_2,-47.257646
3NIF_2,-47.325082
3JAB_2,-54.858094
4M1G_1,-41.102674
5VAG_1,-44.961093
3L95_2,-51.274859
5NJD_2,-43.096037
1BLN_1,-48.428714
5JOF_2,-47.737137
3IJS_1,-42.372612
5JZ7_4,-46.475597
4M43_1,-44.977745
5Y11_1,-44.831978
5KVD_1,-46.524753
1XGT_1,-48.779142
2J5L_1,-46.953854
4TUO_2,-43.862218
1NCB_1,-49.295363
4RGN_2,-46.664165
5GZR_1,-69.377528
5KZP_2,-50.975224
5TUD_1,-47.920450
4TNW_5,-52.348112
5EUK_1,-47.974887
4RAU_8,-47.115197
5W0K_2,-45.635791
6CDI_4,-49.030799
5KVG_1,-43.214756
6GFF_2,-40.922005
4DVB_1,-50.011004
5ALB_1,-41.902054
1E4X_1,-47.838349
3LH2_3,-44.799891
5I5K_1,-44.807584
4UAO_1,-48.180697
1PKQ_2,-45.714038
6OBZ_1,-52.412810
5W9J_2,-46.275656
5JO4_1,-44.757525
5TY6_1,-45.179055
4YBL_1,-55.107653
5WTT_1,-47.252646
2A77_1,-47.083492
5XBM_2,-49.907102
5N09_2,-45.624377
5MHR_6,-46.913975
3JAU_1,-51.162537
2R4R_1,-43.106902
4CAD_1,-47.416753
5CEY_2,-38.721474
3G5Y_1,-52.275099
4P3D_2,-48.028872
5MO9_1,-46.255557
5EWI_1,-43.852073
1YYL_2,-46.531325
1KEN_2,-48.775355
5ZXV_1,-41.759187
3MUG_4,-48.962949
1LO2_1,-45.212532
5NHR_2,-40.677393
5CZX_1,-43.202594
5DK3_2,-42.862407
5W9P_3,-47.655514
3WII_2,-48.904145
6HJQ_2,-45.199174
6EYO_2,-46.087480
4XCN_1,-43.479135
1E4X_2,-49.762657
4YWG_2,-46.272607
6IAP_2,-46.170452
4UV4_1,-43.677404
1C5B_1,-43.006627
5JW4_1,-47.782475
1V7M_2,-46.692718
1BJ1_1,-45.884054
3RHW_1,-52.196305
1F11_1,-45.513639
2BMK_1,-45.426929
3S34_1,-45.813747
3D0V_1,-41.316899
5EZL_2,-47.373593
4HFW_2,-39.427805
5H30_1,-53.122197
2GSI_3,-48.674384
6E5P_7,-42.940713
1A7R_1,-43.230659
4M62_1,-43.357468
6IEA_1,-43.425867
5T80_1,-44.365164
6DWI_3,-38.577102
5OCY_1,-46.376326
3QA3_2,-45.466816
5JW4_5,-48.908964
1Q72_1,-45.621234
6DC9_2,-44.670335
5BK3_4,-52.262060
2FL5_3,-47.115500
1I9I_1,-46.721782
5NJD_3,-42.955300
3CFK_7,-51.132384
4ZS7_1,-43.468291
4X80_1,-51.364993
5CZX_2,-45.192640
2DTM_1,-50.184002
5W4L_3,-41.994937
2F58_1,-44.744259
6MID_1,-51.251668
4XX1_1,-45.376789
2VDL_1,-47.617803
6B0A_1,-42.897542
5IG7_4,-38.329413
5FEC_1,-44.235960
6MWC_3,-48.488551
6EA5_3,-46.465687
5O14_2,-44.264067
2HLF_1,-47.685608
1T66_2,-45.791117
6MTS_1,-42.873362
6AOD_1,-41.748949
1A6U_1,-46.673304
5WCC_2,-46.972534
5ZIA_2,-49.434178
3U0W_1,-46.064455
4LVO_1,-45.161124
5L88_1,-45.911288
2H9G_1,-50.076283
1FJ1_2,-38.694197
1A7P_1,-42.551908
5TZ2_1,-42.917285
3MME_1,-49.169424
5VH4_2,-50.510259
5WOB_7,-43.016747
1D5B_2,-44.543730
5JNY_1,-43.145013
2C1P_1,-45.000070
4FQQ_3,-43.513467
1R0A_1,-45.638292
3KYM_4,-45.624313
5ICX_2,-48.664953
5DMI_1,-44.029779
3MOA_1,-42.682711
4IOF_1,-41.353020
2R9H_2,-47.375961
2AK1_1,-46.190802
4FQJ_1,-45.856705
4TNW_3,-52.169576
5ESZ_2,-53.485136
5X0T_2,-48.975839
5KEM_4,-41.592718
6H3T_1,-50.662019
5MU0_7,-49.497661
3IXX_2,-49.950411
4OII_1,-45.026079
3WHE_6,-44.327358
5Y9F_8,-51.166097
1PSK_1,-48.777037
1IQD_1,-40.896241
6NC3_4,-45.539849
5U4R_1,-45.084696
4RAU_2,-47.830116
5GGU_2,-43.658401
3U30_2,-44.365926
4HG4_5,-44.301843
3IVK_1,-43.846051
5IIE_2,-45.904552
3B2U_4,-45.469881
4LEX_1,-47.273770
3S36_1,-47.915797
3V6F_3,-47.480851
3KS0_2,-46.011578
1ADQ_1,-44.923257
6E4Z_1,-46.864964
3J5M_2,-46.591928
3QNY_1,-44.035030
1Y18_1,-53.072016
4GXU_2,-43.129196
4HIX_1,-46.224035
5LCV_1,-46.315093
2GK0_1,-45.671430
4ENE_1,-49.485641
1FGN_1,-44.073583
1NGP_1,-47.689640
5VH4_1,-49.692490
4HG4_1,-44.364682
5HYS_2,-49.510359
2AI0_2,-48.157664
3FZU_2,-40.661390
3M8O_1,-40.803360
1Q9W_1,-44.698808
4JZO_4,-45.663823
1MLB_1,-41.050110
2ZUQ_2,-48.955871
6AQ7_1,-40.368219
6R8X_1,-48.030476
3QPX_1,-46.816694
3RIF_3,-51.905931
1ZEA_1,-45.866972
1FBI_2,-47.477173
2Y6S_1,-44.906896
5DUR_1,-51.014360
1AE6_1,-49.102958
4TNW_7,-53.524524
4DCQ_1,-49.377374
5B3J_2,-39.795905
5WKO_4,-43.998193
1YQV_1,-49.453606
4MQX_2,-49.348670
6ANI_1,-46.036971
4R2G_4,-39.359167
5BZD_2,-47.894849
3KLH_1,-45.976573
5MYX_2,-43.521638
5SX5_1,-47.958188
6IEK_1,-44.222162
5W9H_2,-48.198880
4XH2_4,-43.471988
3NCY_1,-48.884909
3BZ4_4,-45.101486
4YPG_2,-42.316354
6JMR_1,-56.839463
4GXU_3,-41.347074
4ZFF_2,-40.870365
1WT5_1,-39.832837
4QHL_2,-48.796955
4ZPT_2,-49.139746
4GW5_2,-48.594350
1R70_1,-46.448348
4NWT_1,-51.765533
4ONG_1,-50.190268
6A4K_1,-43.916764
4HF5_1,-44.737139
4K2U_1,-51.736577
4XX1_3,-41.961739
4LF3_1,-43.077975
4CAD_4,-47.360951
3NH7_2,-46.045753
5NBW_1,-45.389481
2GSI_2,-46.097310
2I5Y_1,-45.029024
3WIH_2,-49.229956
1Y0L_4,-50.597295
5X2N_2,-46.227413
4P59_1,-45.893644
4GQ9_1,-54.192524
1A6V_1,-47.544511
4XCY_5,-45.225609
6MH2_2,-40.578977
4QHU_2,-43.374371
6B0W_1,-44.131985
3V6Z_2,-50.667614
5DRZ_1,-50.215356
4S1R_1,-42.735120
5VN8_3,-53.403346
4UT9_1,-44.831329
5Y2K_3,-43.813124
4K3J_1,-44.152034
6MB3_6,-47.450631
5W0K_1,-46.799893
3THM_1,-47.567105
5FYK_1,-50.039011
2R9H_1,-49.006714
6ML8_1,-44.988988
2ADF_1,-42.920964
3DUS_1,-43.953970
1S5H_1,-41.712741
1YJD_1,-47.885837
5MVZ_1,-44.625168
5ITF_1,-48.554401
3IFP_1,-46.854266
6MYY_2,-44.694881
5T1L_2,-48.107396
1W72_1,-48.456861
5E94_2,-48.299154
4R7D_8,-48.336693
5KZP_3,-51.345798
1YNK_1,-43.462714
5UOE_5,-45.854967
6CRQ_1,-47.901073
1DVF_1,-49.451404
1BFO_3,-48.448388
4HWB_1,-41.690752
1MLC_1,-42.362189
4OLV_1,-43.694830
5OB5_1,-44.309554
3IYW_2,-46.967318
6O3B_2,-45.491083
3NPS_1,-41.160081
2IBZ_1,-47.883303
3C6S_2,-46.327485
4K94_1,-43.470772
4HBC_1,-43.643996
6MWV_3,-48.483805
4R4N_4,-57.582265
5I8C_1,-44.259809
5NIV_1,-47.543510
1MEX_1,-51.162317
5CUS_1,-40.068452
5T4Z_2,-45.516303
2FJH_2,-43.814981
1HH6_1,-38.606430
5CJS_1,-45.987625
5MI0_1,-47.814488
1RUL_1,-44.857193
6A3W_1,-43.234828
3NIF_1,-48.974377
3IJY_2,-43.609827
4EVN_4,-46.036242
5KEL_2,-43.723455
4YBL_2,-53.634179
4MHJ_3,-48.854788
5F3H_1,-47.093243
5GRV_1,-42.709124
6EYN_1,-45.630522
4FQR_4,-44.634005
3IDJ_1,-41.791057
5XCV_2,-46.275773
3PHQ_1,-42.088262
2GFB_3,-51.263370
4LCI_1,-41.871665
3MNW_1,-41.236998
6GFE_2,-47.935186
4M93_1,-44.556636
5SX4_1,-48.767496
2NTF_2,-46.458359
4G80_4,-42.784863
3CHN_2,-45.473923
5V7R_1,-47.519131
6IUV_1,-43.194271
3U0T_2,-35.691373
5DUP_1,-49.027235
6D0X_1,-43.863187
2A6I_1,-48.103031
5MV3_8,-47.848843
6CDI_5,-42.911953
2YC1_1,-48.247666
4QXG_1,-44.494848
3NTC_1,-46.488931
3QG7_1,-45.856883
5DHV_1,-40.130563
3MLY_2,-44.429503
3TCL_1,-47.607746
4OGA_1,-42.211968
3OPZ_3,-37.128219
5MUB_4,-48.648649
5DHY_1,-40.896140
6H0E_3,-34.987894
2EH7_1,-45.755114
5XCU_2,-47.419967
1YED_1,-53.518382
6OKP_3,-44.422470
1CR9_1,-45.794925
1ZTX_1,-49.089521
5IG7_3,-38.564237
3WE6_1,-41.292931
3LEV_1,-41.827921
1V7N_2,-46.685745
4NRX_2,-43.821350
6FXN_3,-41.110093
4R96_4,-41.206147
5ICZ_2,-48.684437
4XNQ_1,-42.701511
6B3S_4,-46.372599
3JWD_2,-41.314605
4OCY_1,-43.862257
3J2Z_2,-54.189356
3MLT_3,-40.799008
5K9Q_2,-42.517894
1N4X_2,-52.597685
6DLB_1,-40.701095
4PY8_1,-45.949518
4Z5R_6,-47.796982
3R06_4,-40.141757
5VPH_1,-47.582683
5UDD_5,-47.078006
4WFF_2,-46.203512
3FO1_1,-44.459784
5EII_2,-46.398781
2QR0_5,-45.617808
5XWD_1,-46.326399
5I18_1,-42.817703
5MU2_1,-48.539939
5XCS_1,-45.581757
2D7T_1,-31.236478
3MUG_6,-47.975041
5DQ9_2,-41.506218
3MCL_1,-44.768763
4MXV_1,-47.723922
4I77_1,-43.001885
3EOT_1,-46.948963
3R1G_1,-47.541184
4Z5R_7,-48.343256
2A0L_2,-45.674556
5UHY_1,-56.911442
4FQY_1,-46.307666
4XWO_7,-44.000891
5W9N_2,-47.701904
3RVW_1,-43.029958
6CUF_3,-49.200804
2FJF_7,-41.436482
3J30_2,-45.745002
4KK5_2,-47.283887
5MU0_6,-48.817647
3OAY_2,-43.901082
5K59_1,-46.171382
6N5D_3,-52.874222
1R24_1,-49.068319
4N9G_3,-48.626670
1FE8_1,-47.971202
3CFK_2,-50.980022
6D0U_2,-45.277608
4DN4_1,-39.606040
2R56_2,-49.406182
5TZU_1,-47.776423
5VEB_2,-47.892905
4AM0_4,-44.293720
3JBQ_1,-42.820245
3QQ9_2,-41.208278
6EA5_1,-48.166764
6BZU_4,-43.210279
5I16_1,-42.452184
6CNK_1,-45.611908
5XCT_1,-47.389278
4KVC_1,-47.446448
2G2R_2,-46.082964
4YHO_1,-46.864378
4KK6_1,-50.850217
5UKQ_1,-38.609404
6C6X_1,-49.935571
3Q6F_5,-47.710513
2HMI_1,-47.694607
1IND_1,-43.180882
4R4B_2,-48.929521
2GFB_1,-52.440286
4WV1_2,-46.304039
6GK8_1,-44.162878
5DLM_1,-49.040601
6BE3_1,-37.593145
6IEC_1,-46.588545
5DRX_2,-45.463556
1GAF_1,-44.843319
6C6X_3,-45.552491
2IPU_2,-44.279783
3TNN_4,-45.966100
3QUM_3,-47.373765
5USL_2,-36.073497
4JFX_1,-44.507783
2FL5_2,-46.768055
3C09_2,-46.102289
4O5I_2,-38.520120
6BPC_1,-49.284433
3CFB_2,-30.539944
3D69_2,-48.475058
3QCU_2,-42.622674
5Y9J_1,-41.607541
2FEE_2,-45.502389
2PCP_1,-46.909990
5MYX_1,-45.905059
5IBU_2,-43.952334
6N5D_1,-53.949244
4M1C_1,-45.353141
1DL7_1,-37.209346
1MJ8_1,-45.579282
6GLW_1,-49.569316
4ODW_2,-51.543777
5IFA_1,-41.183480
1BVK_1,-41.850602
1WCB_1,-45.707915
3J7E_2,-41.644956
5XCR_2,-48.760018
6H3U_1,-48.487614
5EZI_1,-45.757324
5XMH_1,-46.074351
5EOR_1,-40.694293
3OAZ_1,-44.723620
4XMK_1,-45.358440
4FFW_2,-53.075583
5DQJ_2,-46.979046
2DD8_1,-41.951621
6C5J_1,-43.361908
4KJP_1,-50.200973
1Z3G_1,-50.157247
5MTH_1,-42.396431
3TT3_1,-44.659867
2AP2_1,-49.088889
1U95_1,-41.561898
5WTH_1,-52.202795
1CFQ_1,-43.830720
2HLF_2,-47.563792
1CFV_1,-47.131043
5WKO_5,-44.159458
6AU5_2,-49.354622
4G6F_1,-44.330843
6APC_1,-46.467403
4OLZ_1,-42.720047
4R4N_1,-54.825832
2B0S_1,-45.522339
4XBG_4,-43.683897
6OTC_1,-38.087407
6APD_1,-43.887324
4GMT_1,-41.931049
2VXS_3,-41.631092
6GG0_1,-43.300707
5ACO_2,-49.512924
1DQQ_1,-47.388450
4BZ1_1,-47.476155
5NPH_1,-40.322992
4KKL_2,-47.633655
4M5Y_2,-43.995949
1NMC_1,-49.083526
3MME_3,-50.901184
2NY2_1,-46.111603
6QN8_4,-44.720130
5T5B_2,-42.393684
3IFO_1,-46.047574
1KFA_1,-45.883157
5W9M_1,-47.858434
6CDI_6,-49.032181
1F4Y_1,-43.519820
6AZM_1,-43.705984
1UZ8_1,-49.576149
4KKB_1,-51.060276
4EVN_3,-46.010427
4FQQ_1,-42.956452
6EWB_2,-49.106968
4YDK_1,-43.886814
3EHB_1,-48.502561
1I9R_3,-47.806619
3CK0_1,-47.120113
3P0Y_1,-44.991561
2HRP_1,-47.245886
6J5D_1,-43.596969
4X7T_2,-48.203285
2VDR_1,-47.571230
8FAB_1,-47.148010
1HEZ_1,-42.124242
6GFE_1,-47.054071
5D72_1,-44.374148
1LO3_1,-44.302664
4YHL_1,-42.317457
4N9G_2,-49.746572
6BI2_1,-42.818839
5XCU_1,-47.687581
1KFA_2,-45.511179
5TH9_1,-43.840022
3OKM_1,-39.810517
4QWW_1,-47.611174
3P0V_1,-45.007841
1UWX_1,-44.104198
3VG9_1,-47.787449
6IW2_1,-44.951309
3MUG_5,-48.032458
6EYN_2,-46.091795
5MHR_4,-46.783624
5JXE_2,-43.992642
4HQQ_1,-44.815327
4NHC_1,-46.904319
5UKO_1,-41.199991
5VH3_1,-51.090624
4K2U_2,-52.099879
1TET_1,-47.553202
3NH7_3,-46.488337
6FY3_2,-48.819773
5TFS_1,-43.369235
4PP1_1,-47.502388
5JNY_2,-42.960909
4NP4_2,-46.016645
3J8W_3,-45.069064
1KN4_1,-51.205740
1BZ7_1,-48.283362
4KV5_2,-45.205189
5GGT_1,-41.728895
1KYO_2,-48.157613
5ZIA_3,-50.004318
5WUX_2,-45.156278
5U7M_1,-52.606748
6IVZ_1,-45.041458
1EZV_1,-47.739273
3EYV_1,-45.893904
5J3D_3,-49.338033
5E2T_1,-47.900026
3KJ4_2,-45.323398
4R4N_8,-49.020275
5ANM_1,-41.992576
3WHE_4,-43.467443
4RAV_1,-48.521883
4ZPV_1,-50.928477
5TDN_2,-48.076702
3ULU_3,-49.063691
3IY0_1,-50.482156
4XCF_1,-43.176610
4FFW_1,-53.318360
6AVR_1,-46.839637
3FO2_1,-43.826983
5U3L_2,-50.760563
3LEX_1,-51.284307
6JFH_1,-43.352158
1JNN_1,-42.992140
5DD0_1,-51.999887
5DHY_2,-41.002231
4YDJ_2,-42.376364
6EYN_3,-43.918337
6CUF_2,-49.588223
4R7N_5,-45.199476
5T3S_1,-39.193700
6ARP_1,-47.715432
5VN3_1,-48.238049
2ADI_1,-49.189375
6ATT_1,-46.100518
2BRR_1,-46.017607
1CLY_1,-47.437550
4Z5R_1,-49.127809
5N2K_6,-44.410667
3V4U_1,-50.370783
5WL2_2,-44.534617
1RZI_2,-43.962035
5MP3_1,-42.506607
5I1C_1,-51.225054
6AYZ_2,-43.376105
1U8N_1,-41.876758
4HG4_6,-42.801669
2A0L_1,-46.887805
6MB3_4,-47.938083
6AMJ_1,-47.702426
1BFO_4,-48.569212
6MUI_1,-48.481547
4FQL_1,-50.037076
5XCV_1,-46.410057
5UR8_1,-44.686493
6CW3_1,-43.199755
5W9J_3,-46.272234
5CP7_4,-46.149115
3HAE_3,-47.439297
6DF2_2,-44.442725
3IFP_3,-46.807649
4ODU_1,-50.343768
3T65_1,-43.079687
6B0E_1,-42.706850
5I71_1,-49.860805
5FGC_1,-45.167047
6DZN_1,-44.295618
3V6F_1,-46.689831
2IH3_1,-41.929493
6AZL_2,-48.375006
6AL4_2,-45.097949
4Y5X_3,-55.652163
3HC0_1,-44.357534
3RHW_2,-52.566850
6B5M_1,-45.831095
5BK5_1,-45.434186
4RAU_7,-48.387393
5KZC_3,-42.267448
1KC5_1,-46.672424
5MU0_5,-47.290211
4NCO_3,-51.001762
4FQI_1,-46.509572
5F3B_2,-50.616309
3EOB_2,-49.396706
4XBP_3,-45.181331
3O6M_1,-48.467323
5UDD_1,-46.584057
4D9R_1,-40.991834
3QCV_1,-41.664663
3GBN_1,-45.156240
5JOR_1,-49.360271
2FEE_1,-49.861753
3SQO_1,-41.193536
4R3S_1,-44.415325
3ZKM_2,-47.426867
6B5O_1,-45.210256
6QN8_2,-44.128908
3HZV_1,-43.822898
1FL5_1,-41.039512
4F58_2,-46.718508
5XCR_1,-48.185514
5HI5_2,-41.764852
5A3I_1,-45.749302
5X2N_1,-46.016879
5XS7_1,-54.270663
4Q2Z_2,-42.841189
4ISV_1,-42.724435
4U1G_1,-44.864977
5GGS_2,-45.128605
6IUT_1,-43.401478
4F58_3,-47.443229
1PG7_4,-50.899163
4F2M_1,-48.660623
6B0N_2,-47.224245
4K24_1,-51.579513
3QO1_1,-43.496996
3J8Z_4,-45.757617
2G5B_4,-43.867580
3NAA_1,-46.539955
5MU0_8,-47.204289
3KYM_6,-51.656726
1UWG_2,-46.196315
3TNM_2,-51.799965
6IAS_1,-45.565218
5JR1_1,-54.060881
5MP5_4,-43.768615
2X7L_5,-40.515139
6OGE_1,-52.139093
4HK0_2,-40.858482
1E6O_1,-47.996991
3V0V_2,-41.383713
3IDI_1,-40.833479
4YWG_1,-49.662718
3G5X_1,-49.310965
3E8U_1,-45.233043
3KJ6_1,-44.422746
4Q9R_1,-45.978935
4NKO_3,-44.409922
5MVJ_2,-42.260900
1QBL_1,-46.053042
5TUD_2,-47.874318
5ESQ_2,-49.646025
3B2U_2,-47.604851
3LRS_2,-47.621681
2OQJ_2,-44.761285
5CUS_3,-39.667293
1B2W_1,-48.842083
5DK3_1,-42.977262
4F37_1,-41.530935
6CSE_2,-46.392808
4WCY_1,-41.303504
6MLM_1,-48.341105
5MVZ_2,-43.323690
1HIL_2,-45.216939
5MTH_2,-41.740987
4MHJ_2,-49.220006
3TNN_3,-44.322849
3H0T_1,-50.204367
3N9G_1,-46.972329
4ZYP_4,-44.821502
4NGH_1,-43.985154
4OQT_1,-48.132673
4N90_2,-48.998547
6BT3_3,-45.692230
4DKE_2,-46.490837
6A0Z_1,-48.044041
2AJZ_1,-48.687064
4O58_1,-41.201694
3LMJ_1,-41.658802
4G80_3,-43.158697
4AEI_2,-50.282940
1NFD_1,-40.466317
3KDM_1,-43.938823
4GW1_1,-48.828681
3FN0_1,-44.460131
4DAG_1,-42.168623
5T5F_1,-43.314837
4XNU_1,-49.073607
3KYM_8,-49.540173
1FVC_1,-46.651296
6CNV_1,-42.956793
3EO1_4,-44.226447
5T5N_1,-46.187115
2Z91_2,-54.948297
6MI2_1,-44.293841
4O51_2,-38.309815
3DV4_1,-43.561005
4ZXB_1,-41.006200
3HC3_1,-46.999378
4KRP_1,-46.959267
2G60_1,-43.847462
5SZF_1,-46.516194
5KEL_3,-43.211846
4XMP_1,-42.628153
4XZU_1,-40.003297
5KEN_2,-44.376431
12E8_1,-54.860470
6AVQ_1,-46.700364
6MHG_4,-46.245022
1NJ9_1,-49.887301
5W2B_1,-41.272804
4QHK_4,-46.768938
5CD5_1,-42.580166
4Y5Y_2,-48.720817
3DVN_1,-44.383226
5HI5_1,-41.003996
5CGY_2,-47.929002
1FN4_1,-45.652709
2R6P_2,-43.626238
4UU9_1,-45.694387
2ORB_2,-46.155905
1FVC_2,-44.795812
5I6X_1,-50.247678
5C8J_1,-46.760902
5I15_1,-42.569335
2HFF_2,-39.652837
2OTU_1,-43.465713
1RUM_1,-45.409618
5NJD_5,-41.751646
1XF3_2,-44.886416
3IFP_2,-47.218021
5W6D_1,-39.214050
1PLG_1,-45.204094
2OK0_1,-45.978188
4Z7Q_2,-49.776059
1A2Y_1,-43.449328
6B70_1,-47.871463
4KK6_2,-47.583171
3J2X_3,-45.746044
4YHP_3,-45.852495
4FG6_2,-48.079646
2GSI_4,-47.030803
6MW9_1,-48.486675
2YC1_2,-48.124628
6EV1_1,-54.492675
3Q6G_1,-45.762474
4Z7O_1,-49.086711
2OSL_2,-50.081559
5TLK_1,-49.290977
2QR0_1,-45.724888
5CZV_1,-47.206072
1RZI_4,-41.215612
6NB5_2,-47.320398
3HI6_2,-45.737418
3CFK_1,-51.042388
2OTU_4,-45.481703
1AFV_2,-45.309914
1F8T_1,-47.114646
3TCL_2,-46.831597
4BH8_1,-47.963590
3WHE_9,-43.417924
2VDN_1,-47.236079
1OTS_1,-47.836813
4Y5V_1,-45.270509
4PP2_2,-53.308066
6DC8_1,-48.003334
1OB1_1,-47.347823
6FGB_1,-43.804729
4MHJ_1,-47.596738
5ANY_1,-48.488772
5CEY_1,-39.811471
6AL1_1,-46.655068
3ZL4_1,-36.408443
6MWV_4,-48.482546
6MHG_6,-46.533823
6CMG_1,-44.754013
4XI5_1,-46.543504
6DWA_1,-43.646623
4OCS_1,-46.711894
3H42_1,-42.642757
2P8L_1,-41.161335
5B6F_4,-43.159936
3J2X_2,-45.743922
1MRD_1,-45.284708
4XXD_2,-39.473622
2VWE_2,-48.606376
3CFJ_4,-50.559995
2G2R_1,-46.954523
3HZM_1,-43.407076
5CEZ_1,-39.008975
3Q6G_2,-42.737555
3JCX_1,-49.200268
4YXK_1,-42.481624
4WHY_4,-46.882807
5DRX_1,-46.296897
5MU2_4,-47.682891
5W9N_1,-45.968944
4XZU_2,-38.888263
4LLU_2,-47.275540
5TPL_1,-44.111994
1AIF_1,-43.557066
5GKR_2,-46.346227
4XVJ_1,-48.128583
4LLW_2,-43.805812
6E64_2,-43.052487
4DVB_2,-49.422962
4HC1_2,-48.379369
4U6G_2,-44.617740
3PIQ_3,-47.778057
6II9_2,-51.482783
3T3M_2,-49.203197
6B7Z_1,-47.118947
6IEK_2,-43.537515
1YEF_1,-50.594634
1ORQ_1,-47.213414
1FL6_1,-40.153187
2ATK_1,-41.675409
6MWX_1,-48.481521
1HI6_1,-38.923794
3CXD_1,-44.511081
1ORS_1,-46.485591
5ITB_1,-45.855850
4PY7_2,-44.813676
4CKD_2,-46.531847
6AXL_1,-48.611366
3CFK_6,-50.721461
3S35_1,-46.991453
4ZPV_2,-50.594746
2XQB_1,-46.585176
3MJ9_1,-43.926146
2HG5_1,-42.810882
5Y9C_1,-49.589811
3UAJ_2,-49.046438
5KEN_1,-42.767880
3MJ8_1,-43.449957
4HG4_3,-43.098398
3A67_1,-47.151166
6B70_2,-44.689748
4HLZ_2,-45.522226
4Q0X_1,-46.398773
6A79_1,-50.256537
3ULV_2,-44.312978
6CMI_1,-46.212599
3J30_3,-45.748293
1C5D_2,-40.260913
5VN8_2,-51.825080
5Y9F_4,-50.652813
4R7D_3,-46.374768
1LO4_1,-47.414216
6H06_3,-36.247781
3MOB_1,-42.664453
3IY3_1,-42.063836
5DRN_2,-39.646663
5VK2_3,-45.711049
6MWC_1,-48.488080
1IGF_1,-49.709552
6NJN_1,-57.835422
6NC3_5,-45.539494
5KVE_1,-47.936884
3ZTJ_1,-42.819607
3CFJ_2,-48.804291
2V7H_2,-46.654219
6N5E_1,-53.800248
3FCT_1,-48.846400
3EYF_1,-48.155957
5GZN_1,-40.956787
4XCN_5,-44.812566
5W3E_1,-42.229690
5WKO_3,-44.314150
4CNI_1,-41.500409
3CFD_1,-49.295451
1A0Q_1,-45.564598
3EJY_1,-47.550589
6BHZ_2,-46.293670
4XGZ_1,-43.387872
5MU0_4,-49.040247
4R7N_7,-47.481600
1A7Q_1,-43.016414
5ANM_2,-41.558972
4WFG_1,-47.616347
4D9R_2,-40.129762
4YGV_2,-46.107056
5XXY_1,-45.737696
4XWO_1,-43.356583
6CDI_2,-42.909321
5VN3_3,-48.177817
4YK4_1,-44.976506
5O1R_1,-47.802257
3CVI_1,-45.053912
1CFS_1,-41.957988
3EYO_2,-47.441604
3MLX_1,-43.045997
1DQJ_1,-47.288219
4NKD_2,-45.302602
4QTH_2,-42.489772
3J2Y_2,-54.193903
6GLX_1,-48.769722
4TNV_5,-51.047355
5YOY_1,-44.474884
1I8K_1,-47.975446
3EYQ_1,-45.289779
4ORG_1,-48.143240
5HI3_2,-41.882017
1U91_1,-41.747777
3LRS_3,-47.709740
1EMT_1,-46.636164
4Y5X_2,-55.363583
5TDO_2,-47.866134
5XMH_2,-45.226747
5JW4_6,-48.067981
3IET_2,-50.351676
2MCP_1,-40.856559
5BK5_4,-44.547241
3U9U_1,-44.954941
5KZP_4,-50.315738
1KEM_1,-34.330916
2EZ0_2,-47.539178
6GFF_1,-41.591613
6JEP_2,-44.201320
1FE8_2,-49.300897
5NUZ_2,-45.996721
4YHP_1,-46.839506
2A6D_1,-47.499546
2VL5_1,-43.583429
1IAI_2,-41.681581
6CDP_1,-46.897948
5MUB_2,-47.494577
3IFN_1,-44.077999
5CD3_1,-42.612304
6EV2_2,-48.173279
6BF9_1,-47.217685
3QUM_4,-48.707963
4F33_1,-47.790366
5MHS_3,-50.178094
5TDO_1,-41.559012
5HI4_1,-41.255835
3QNY_2,-42.998013
5K9Q_1,-42.132690
6C6X_2,-46.507857
3QEH_4,-44.842485
2IH1_1,-41.969412
5BVJ_2,-45.435767
1Q9L_1,-43.167252
1CLO_1,-46.265319
6ORQ_2,-56.345118
3WFD_1,-51.243062
5XLI_2,-45.079891
1RVF_1,-46.486181
3I02_1,-44.048283
6DWA_2,-43.767871
1HH9_1,-38.407605
5UDD_2,-47.328573
4YHP_4,-45.773511
4R7D_5,-45.341919
6MHR_1,-48.646383
4O51_4,-38.043143
2DWE_1,-42.188650
5WUX_1,-43.234678
6AZX_2,-44.280181
2QR0_8,-46.283695
5KN5_1,-40.821611
32C2_1,-45.765495
4UT7_1,-45.381346
3T77_1,-44.252181
4X0K_1,-45.641977
5YSL_1,-46.487844
1P4I_1,-43.089297
1K4D_1,-41.914307
5VYF_2,-44.357730
2FJF_6,-39.717090
5E2W_1,-47.439053
1ND0_4,-46.695884
5A8H_2,-46.028923
4R90_1,-52.215278
4RRP_5,-43.494957
4KPH_1,-51.276391
1XCQ_2,-45.472623
2X7L_1,-40.601150
3Q6F_2,-47.073734
2JIX_2,-53.718679
4XNZ_1,-43.790608
3L95_1,-48.567549
5E1A_1,-43.639027
4R97_1,-51.400380
3J8V_2,-45.107407
6FLC_1,-46.626704
3ZKN_2,-47.392214
5U6A_1,-46.938078
1HIL_1,-46.357817
1N64_1,-42.806468
3LRS_4,-47.889897
1XCQ_3,-47.925532
4YNY_1,-45.941018
5Y9F_9,-51.138858
3J2Y_3,-54.194112
4FQV_1,-46.496476
6ELE_1,-45.823573
5W6C_1,-45.464667
4KAQ_1,-47.189640
6AND_1,-45.612422
2UYL_4,-43.874558
4TUK_1,-48.419546
5XQW_1,-49.465290
1IGC_1,-46.945596
4JY5_1,-47.991173
1NC4_2,-45.236072
1IGY_2,-49.804431
4ZSO_1,-45.609681
4OAW_2,-42.900740
3B2V_1,-47.553973
1KNO_2,-45.814601
5TGB_1,-45.428267
4RDQ_5,-46.666534
5TLJ_4,-49.488094
2FJF_5,-39.782682
4HIE_1,-42.287815
4R4N_7,-49.902566
4YXL_1,-44.695762
2R23_1,-42.864177
6ELL_2,-45.556108
3J1S_1,-49.743682
5F6J_1,-41.852931
5W9L_1,-49.558188
5ALC_1,-41.380986
4PP2_1,-53.300589
4JZJ_1,-50.275078
5T78_2,-50.240244
4KV5_1,-47.056354
43CA_2,-40.797023
1VFA_1,-42.890381
6JFI_2,-43.354391
4HG4_8,-43.143740
5WOB_1,-42.068029
1F3D_1,-44.781147
5L0Q_1,-45.060023
1AIF_2,-43.307642
6NC3_6,-45.539717
6MV5_1,-46.359821
6CA9_2,-41.249699
4WUK_1,-43.196702
5I17_1,-46.955594
4ETQ_1,-46.857389
3IDM_1,-41.440348
4NNP_1,-44.491435
1T66_1,-45.468689
5MV3_6,-47.710344
5WEQ_1,-45.258495
5GS1_2,-45.595445
5WDU_2,-51.181752
5ESV_1,-49.101830
4OAW_1,-43.116984
4XAW_1,-43.216197
6NC2_6,-44.245907
4HFU_1,-45.432032
4JFY_2,-44.079759
4S1D_2,-43.042559
3S96_1,-51.201636
5MEV_1,-43.243011
5DRW_1,-47.361235
3OPZ_2,-36.886678
1IQW_1,-46.406483
2H1P_1,-48.209915
4Q9Q_1,-44.052087
4M7J_1,-45.263788
6CYF_2,-46.786479
6CA7_1,-43.486008
5H32_1,-48.657909
4MHH_1,-49.061053
5DYO_1,-42.087706
2Q76_1,-41.894570
5D9Q_1,-50.978962
1NSN_1,-45.584636
6QN8_6,-44.942361
5GGR_1,-47.676692
3G5Z_1,-46.223992
4ODW_1,-50.366292
5VR9_1,-44.042342
1C5C_1,-43.162540
6C6Y_2,-45.865696
4AT6_4,-51.475509
6A0X_1,-56.257992
6C6Z_1,-44.083438
2FJG_2,-39.373171
3QEG_1,-43.363964
5I30_1,-50.108597
6E62_1,-42.878280
6D0U_3,-45.102267
3RIA_4,-52.152121
1DEE_2,-45.631725
5MP1_4,-43.632744
1JFQ_1,-45.197002
5HYS_3,-46.658636
1KB5_1,-46.961861
1MH5_2,-44.606585
3Q6F_1,-46.964006
5F6J_2,-41.995789
5NJ6_1,-49.986783
1I9J_1,-47.696910
5TDP_1,-37.832892
6BPC_2,-50.985021
1YEG_1,-51.235284
4NKD_3,-45.270371
1HIM_2,-46.142819
2QR0_2,-45.419558
1QFW_2,-47.356635
4HIH_1,-41.561741
4XBG_2,-43.199975
4BKL_1,-47.260790
4LSS_1,-41.443820
5MP6_1,-43.147067
6EA7_1,-48.412222
4NZR_1,-44.802296
3RI5_2,-52.231410
1YNL_1,-42.393554
6CSF_2,-46.374735
1F11_2,-45.742340
1CT8_1,-43.656593
2XTJ_1,-45.002443
1N0X_1,-50.602230
3RVV_1,-45.464740
6DDR_1,-47.529166
5E2V_1,-47.075300
6DCV_2,-44.212825
2QQN_1,-48.633659
6DWI_4,-38.537491
1Q0Y_1,-47.276182
3DIF_2,-47.424828
5GKS_1,-50.368151
1TJH_1,-43.382061
1Q9O_2,-45.081043
3U2S_1,-44.805711
4PY7_1,-45.211678
5W9P_1,-47.656382
5N2K_1,-43.963243
4V1D_1,-46.005230
4S1D_4,-39.229653
5K9K_2,-51.780263
6DWI_6,-40.827888
3U0T_1,-35.507964
3QPQ_4,-46.520345
3QUM_2,-44.925169
2Z92_1,-54.539741
6IW2_4,-44.721156
4GSD_1,-42.834958
5JO4_2,-48.001622
4O9H_1,-37.225353
5TQQ_2,-45.876323
6MLM_3,-48.343795
6BJZ_1,-47.481465
5WTG_2,-49.960329
3MLZ_1,-43.264011
2XZQ_1,-53.644047
1U93_1,-41.661756
6OGE_2,-52.142607
5V7J_1,-38.249037
6MCO_1,-39.124763
4RIS_1,-47.591012
1AD0_2,-44.155169
5ID1_2,-49.046173
6MNF_1,-44.856321
1ZVO_1,-44.242293
6DG2_1,-41.514048
5U3M_1,-49.584590
5YSL_2,-45.526103
3NN8_1,-42.001789
3EGS_1,-40.635374
2DQF_1,-51.051752
4ODT_1,-51.970955
4ZTP_1,-42.278345
6E5P_1,-44.152313
2X7L_2,-40.872345
6NC2_1,-44.252099
3J42_3,-47.805543
1TQC_1,-50.907077
3L1O_1,-52.818672
6MEG_1,-43.628950
5KAQ_1,-46.093693
5CUS_4,-42.635321
5MP5_1,-43.045747
6IEB_1,-46.801443
2ZCK_1,-40.926045
5BVJ_4,-45.883823
6D2P_1,-46.976246
5VTA_3,-47.722875
2FJH_1,-43.844869
6MI2_2,-43.484748
4JAN_2,-41.450757
5ICY_1,-49.157725
2ZJS_1,-49.817375
5TE4_1,-47.010679
3DRT_1,-41.726379
4I3R_1,-43.024664
1DQD_1,-48.596385
4OM1_1,-43.392509
3N85_1,-41.271008
3NZH_1,-46.229907
2ARJ_2,-42.385896
5I1L_2,-46.016994
2A9N_2,-42.815162
1Q9O_1,-44.292657
3DUR_2,-43.668218
2QQK_1,-44.870246
2F5A_1,-40.753638
5I1L_1,-45.973407
3V6O_1,-45.313827
1ZAN_1,-42.683926
2G75_1,-43.758285
1BAF_1,-47.134334
4TNV_9,-50.256122
3RIF_4,-51.744463
6ANP_2,-47.855446
4G80_1,-42.582036
1KCS_1,-46.994162
5D6C_1,-41.636232
1NMA_1,-47.225486
1UCB_1,-47.218931
6N8D_2,-44.780125
1I9R_1,-47.794529
4G6K_1,-45.301239
4R7D_1,-47.902149
2IQA_2,-42.942058
5ODB_1,-43.225381
1GC1_1,-45.227868
5GRJ_1,-51.879685
4XCN_2,-43.887769
4DKF_2,-44.207662
3I50_1,-49.853367
1MCP_1,-41.344540
6DB7_1,-39.262747
6CO3_1,-44.670955
4XCN_6,-44.846713
5MU2_5,-47.880708
3IJY_1,-43.258262
6DF0_1,-44.085853
1KYO_1,-48.039101
5FUU_1,-50.738413
1NFD_2,-40.931495
4NYL_4,-43.443580
1P2C_2,-43.148545
1XGQ_1,-48.825415
4YHP_2,-46.743164
4ZSO_2,-47.887823
4FQC_1,-50.698691
6A0X_3,-55.105222
3NIG_2,-47.987578
6DJP_2,-47.881363
6E3H_1,-38.419172
3TJE_1,-48.961822
2G75_2,-43.469043
4R7D_6,-48.395287
4YFL_2,-53.508901
6DKJ_1,-46.984714
4ODH_1,-46.963874
2HT3_1,-48.883014
1ZA6_2,-45.921656
5MV3_1,-46.981209
3ZDZ_2,-49.150174
4XCE_2,-45.410615
4H8W_1,-47.536399
1K4C_1,-42.222350
6IDH_1,-43.549691
4J4P_2,-41.735041
2QR0_7,-45.568935
3MXW_1,-49.498886
4R9Y_2,-49.234653
2W60_1,-41.509580
1IGY_1,-49.234100
5DO2_1,-49.879456
5BK0_1,-41.425668
4PP1_2,-47.423959
6CW3_2,-42.448781
5HI3_1,-40.923686
3W13_1,-43.187997
5K9O_1,-48.645921
2HVK_1,-42.056846
4XGZ_3,-43.377352
5I1G_1,-43.971718
4YHY_2,-46.124600
6EV1_2,-52.241541
3Q6F_3,-46.723259
6BI2_2,-43.123363
5D7S_1,-45.494325
5T1D_1,-45.988686
3MUG_2,-47.768669
5BMF_1,-46.641123
3FZU_1,-41.501230
1J1X_1,-47.629500
3OKD_1,-42.276617
3TT1_1,-44.938001
1A4K_2,-48.487318
4LEO_1,-47.771291
5AWN_1,-45.289552
2HTK_1,-49.419689
4U6V_1,-48.209378
4U6V_2,-48.159402
3J6U_1,-38.890585
1CGS_1,-43.320917
6AZL_1,-48.354038
3IFP_4,-47.103986
4HG4_7,-42.333930
5K9Q_3,-41.071752
4XBG_6,-44.050167
6AZX_1,-44.782349
5GS1_1,-45.302336
5THR_3,-37.523258
5FHC_2,-45.618268
5GMQ_1,-48.057636
5L7X_1,-46.830622
1MHP_2,-46.188568
4QHK_1,-45.906691
4IDJ_1,-44.857201
4PTU_1,-40.091770
2NY1_1,-45.558200
4QHL_1,-47.977233
5G64_2,-55.709015
6BIT_1,-50.312865
4TNW_4,-51.265995
3EFF_1,-43.084559
5I8H_1,-51.804217
5HYS_4,-49.661417
6IW2_2,-43.647314
4ZS6_1,-46.714404
1SM3_1,-46.402041
1LK3_2,-46.494201
6N32_1,-46.872558
2IQ9_1,-44.525225
3UTZ_3,-49.237418
1A6V_3,-45.316484
6FN1_1,-53.739910
1ND0_3,-46.911346
3QHZ_1,-40.745318
5Y9F_2,-51.474566
5NUZ_1,-45.731674
1TZG_2,-43.895856
1RUR_1,-46.286848
5K9J_1,-49.237867
6JMR_2,-52.960312
4QHM_2,-46.385281
1Q9L_2,-42.501211
2FGW_1,-47.244262
4J1U_1,-43.484721
5D93_2,-44.683090
5TKJ_2,-40.933347
6MWX_2,-48.478578
4F58_1,-47.069199
4XGZ_7,-44.736934
6NB3_2,-48.556215
4YAQ_1,-45.167469
4DGI_1,-44.234045
3J5M_1,-46.597192
3DET_2,-46.172537
2H32_1,-42.980483
3CXH_2,-47.217771
3MJ8_2,-44.357539
6NOV_2,-44.016817
6BLI_3,-44.604471
4WY7_1,-44.110738
5BJZ_2,-43.683378
6AVN_1,-46.671863
5FYJ_1,-46.902442
6CDM_1,-44.466122
1WT5_2,-43.842739
4OTX_2,-38.302464
4K9E_1,-47.268136
4LLU_1,-46.095123
5YE4_2,-43.600843
6I8S_1,-45.591130
3NFP_2,-47.934658
6CDI_1,-49.030883
1DSF_1,-53.020476
3INU_1,-45.840719
4PUB_1,-40.429931
1A4J_2,-45.192640
5JO5_4,-44.984495
5F3H_3,-49.085587
4NM4_2,-42.516252
4RDQ_2,-46.679309
2DQJ_1,-47.786161
4EOW_1,-41.643473
8FAB_2,-48.822663
4DGV_1,-51.204410
5F96_1,-48.839704
1G7J_1,-43.283158
2R8S_1,-42.464903
4TNW_9,-51.654578
5WB9_1,-40.780613
2Q8B_1,-43.707811
5I66_1,-45.625384
6QNA_2,-47.094716
4R96_2,-43.635690
3CX5_2,-46.860705
5XBM_1,-46.186489
1RUP_1,-45.874791
4TRP_1,-47.782908
5HBT_1,-54.273723
2IFF_1,-49.496400
4AM0_3,-44.620143
3LIZ_1,-46.282795
5I5K_2,-43.150640
5WNB_1,-42.109095
1E6J_1,-42.600549
1YEC_1,-51.610340
4LCU_1,-42.190608
1OTU_1,-47.156513
6JMQ_1,-50.783432
3RIF_5,-51.293517
4HLZ_3,-44.349902
3QPQ_3,-46.609391
4U1G_2,-45.804723
3W11_1,-41.143740
4QEX_2,-43.601407
4Z5R_8,-46.617305
2AJS_1,-46.474235
6QNA_4,-45.032676
5VKK_2,-40.850954
6MEI_1,-39.128127
5C8J_3,-47.308278
4NKI_1,-45.190816
4XH2_6,-41.525986
3Q3G_3,-44.001342
2GK0_2,-42.255550
3J2Y_4,-54.192917
4G6A_1,-44.231229
1JHL_1,-50.946659
3Q6F_4,-46.697349
5XF1_2,-42.292975
1DBM_1,-46.286191
5I1D_2,-45.543065
1FVD_2,-44.807658
5YUP_1,-51.990054
4YGV_1,-46.884989
5KTE_1,-41.983734
3U36_1,-45.774212
43C9_2,-42.079318
4BH7_1,-46.778273
2VH5_1,-43.806250
6MU3_2,-43.975922
6MAM_3,-49.715468
5YWO_2,-41.498271
6AU5_1,-48.881371
5I8H_2,-44.259617
6MWV_1,-48.486588
1JPS_1,-44.598659
6D6T_1,-46.935835
5HHV_1,-42.032385
2WUB_1,-47.507915
5MUB_5,-48.269864
4XVU_1,-44.048502
4Z7N_2,-48.831481
6BI0_2,-47.102150
6AWN_1,-49.393237
5MU2_3,-47.843733
4RRP_2,-43.720044
3GB7_1,-41.990275
1BFO_1,-48.038922
4KV5_3,-45.777702
5C7X_1,-45.016753
5GS1_4,-44.366359
4JZO_3,-44.903373
2FX7_1,-43.521039
5J3D_2,-48.834273
5D96_1,-47.399545
1G9M_1,-45.832488
5UEA_2,-47.149764
1YY8_1,-47.441190
1UWG_1,-47.712566
4JM4_1,-45.011037
5K8A_2,-42.702380
1ZVO_2,-44.241673
3J8V_1,-45.106829
3QCT_1,-43.425002
1KIP_1,-42.900430
1B4J_1,-49.772059
5Y9F_6,-49.932414
5UDD_6,-47.322631
1NJ9_2,-47.353050
4XC1_1,-43.473103
5YWF_2,-43.968006
2FEC_2,-46.800818
5FF6_2,-48.699049
5NGV_1,-41.197101
5ZIA_5,-50.327276
4HZL_2,-51.290498
3NGB_3,-42.431954
5F88_2,-48.153178
6E63_1,-47.294821
4JAM_1,-51.251272
4LAS_1,-49.369910
5DQD_1,-43.977675
5I8O_1,-43.507590
3NZ8_1,-43.996010
4KXZ_1,-43.691472
2VXT_1,-49.311066
5W9K_1,-46.263173
6MB3_5,-47.541582
5D9Q_2,-51.276554
2DDQ_1,-42.605647
4LLY_2,-46.383095
4XGZ_2,-43.258283
3MLT_2,-40.861194
6IW2_6,-43.985565
4XML_1,-45.418577
4P3D_1,-47.501665
5CCK_1,-47.161714
4M61_2,-46.522319
5JW3_1,-48.396303
1IKF_1,-50.726467
5W9M_2,-49.100606
6DZM_1,-54.942641
6DB6_1,-41.444753
6AYN_2,-48.594526
4FQK_2,-45.761843
3RI5_1,-52.031626
5WK3_1,-43.682879
3IU3_1,-45.797389
4CKD_1,-46.529750
1RUQ_1,-46.551727
6NOV_1,-44.932441
1JNH_4,-50.795361
6ID4_2,-48.506659
6D0U_1,-47.051988
5MYO_2,-46.502881
5W08_5,-44.060508
5UMI_1,-46.239938
1RZ7_1,-41.447869
6I8S_3,-45.717132
4CKD_4,-46.530744
3UAJ_1,-48.477691
2V17_1,-50.599602
5L6Y_1,-40.267717
3ZDY_1,-49.559026
1JNH_2,-51.279988
25C8_1,-43.404519
6CYF_1,-46.297634
4XP1_1,-47.167824
3U46_2,-47.039367
4R4H_1,-53.770801
4XMM_1,-40.658754
5I9Q_2,-40.689680
3J8Z_1,-45.759236
4EDX_1,-49.546925
6B3S_1,-45.936025
3IDN_1,-41.265629
5N2K_3,-42.642711
5UTZ_2,-44.260062
5IHZ_2,-38.662947
6NNJ_1,-39.843473
5SY8_1,-41.923304
6E9Q_1,-45.672123
3CFK_3,-50.593507
5X2Q_1,-46.076831
3VRL_1,-49.189682
4YR6_1,-46.572752
5KZC_2,-45.940727
4JDV_2,-43.511147
6DZM_3,-54.940998
4ZYP_5,-44.992577
5XEZ_2,-42.022007
1Q9W_2,-44.208676
43C9_1,-44.162220
3OAU_1,-47.789796
2DQE_1,-47.548557
6MW9_4,-48.484902
2DQG_1,-47.329656
4WHY_1,-46.731508
5DD6_1,-53.059794
5IFJ_2,-39.442037
6CM3_3,-42.291106
1D5B_1,-43.780735
3F12_1,-50.411140
5TJD_1,-49.011446
4OII_2,-45.017948
5B6F_1,-44.106788
3B2U_8,-45.448048
3BQU_1,-42.589284
4POZ_1,-52.167420
3HI5_1,-45.397923
5VCO_2,-53.308066
6EAY_1,-47.546649
1RZI_8,-41.738893
6A0X_2,-54.946972
5DR5_1,-43.058297
5NJD_6,-41.759253
1IAI_1,-39.931721
4MHH_2,-50.109401
3C2A_1,-56.625618
5MUB_3,-48.177528
5XHF_2,-44.176413
4TNV_3,-51.246583
6ICC_1,-46.920868
2AJZ_2,-46.751963
3GI8_1,-45.127643
5SX4_2,-48.843751
3WIH_1,-49.366464
6OE4_2,-48.353211
4V1D_2,-50.804774
5I2I_2,-48.823543
4X0K_2,-44.833161
5KZC_1,-43.419794
5WAW_1,-44.004898
4NZU_1,-40.885618
5VTA_1,-49.057838
5U7O_1,-52.656002
1U8J_1,-41.678990
5VZX_2,-42.550700
5X8L_3,-46.301217
5DMG_3,-40.453091
5JOP_2,-46.342452
6APD_5,-47.278045
3MO1_1,-44.716061
6MHG_1,-46.994201
3J3O_1,-44.953719
4JM2_1,-45.906408
6DC7_1,-44.600566
3A6B_1,-46.533433
5HJ3_2,-49.510187
4XVT_1,-40.239264
3KYM_5,-47.094781
1OAX_1,-48.023376
5U15_2,-43.351499
4Q6I_3,-37.288729
4M7Z_2,-37.728481
1U8L_1,-41.363715
2FX9_1,-43.168638
6B0H_1,-44.114013
2HFF_1,-38.047851
3Q3G_2,-44.048321
5UWE_1,-41.532244
6EV1_3,-52.470916
3JBA_1,-46.315564
3CFE_2,-49.491303
4ODS_1,-35.807637
6BZU_1,-41.974186
5DRN_1,-39.414819
4HS6_2,-44.882693
4TUL_1,-47.340173
4KK8_2,-46.728892
3J2Z_1,-54.186060
6EYO_1,-47.593472
4ZYP_2,-43.594731
4O51_3,-38.915894
3J3P_1,-44.950659
4KK8_1,-51.403514
5C8J_4,-48.048110
4JRE_1,-42.600344
4UBD_6,-43.276721
5DQ9_1,-40.711736
3DRO_1,-41.285207
1FL6_2,-39.953747
2CGR_1,-46.221820
5MHS_1,-52.198217
6AL0_1,-46.274823
6NB6_2,-49.100340
1OAZ_1,-48.413822
1AJ7_1,-45.362317
2B2X_1,-43.914804
4KTD_1,-51.233667
4TSB_1,-45.170463
4QCI_1,-44.057464
1JGL_1,-43.098119
4XXD_1,-40.016456
3S62_1,-47.705156
5MV4_8,-47.757646
3CMO_2,-44.572896
5KZP_1,-51.225250
5HJ3_1,-49.253862
5T1K_1,-47.653834
3QNX_1,-42.334723
4HZL_1,-53.206615
4JLR_2,-44.136417
5F3H_2,-48.893759
6II8_1,-47.074988
4HH9_2,-43.753529
6DCA_1,-44.933273
3IY4_1,-40.343045
4RZC_2,-41.041031
1U92_1,-41.700853
3WKM_1,-43.844248
3O6L_1,-47.199721
5JOP_1,-46.653322
4UBD_1,-43.134501
5B8C_4,-45.468089
6BLI_2,-43.969341
1JGV_1,-45.330903
5CP7_3,-44.640924
2C1P_2,-46.138740
2H2P_1,-49.478695
1YUH_1,-49.135477
5I8E_2,-42.968715
4XCC_1,-44.927148
1QGC_1,-44.158237
5W9L_2,-48.825383
5EU7_2,-45.898128
1A4J_1,-46.328059
4R2G_3,-39.944493
5GS1_3,-45.026522
5X8L_2,-51.032698
6E65_1,-45.303756
4LLV_1,-46.766021
4YHK_1,-47.191596
4CAD_2,-47.630609
4JG1_1,-45.560781
3ZE0_1,-48.491320
6DZV_1,-46.442553
4HIJ_2,-43.490867
5K8A_1,-43.881096
5VQM_2,-48.012524
1UZ6_2,-46.696876
4J6R_1,-37.583702
6BY3_1,-41.993038
3ULS_2,-49.241214
1QFW_1,-51.933304
4R7D_7,-48.936859
4MHJ_4,-48.401007
4ORG_3,-47.313526
3EOB_1,-47.809476
3O11_2,-44.151976
4HK0_1,-38.953864
1NMB_1,-50.547115
3QRG_1,-43.847356
4XCE_1,-44.070033
1AQK_1,-42.693679
4FZE_1,-38.556526
1IGF_2,-47.576484
2A9M_1,-42.628647
6DWI_2,-38.315043
5W9K_2,-46.360135
1JGU_1,-44.606509
6ID4_1,-48.362926
6NB8_1,-48.961080
6DCA_3,-43.867213
3ZDX_2,-48.609653
6A3W_2,-43.875579
2IQA_1,-44.342941
6BAH_1,-46.245926
4XCN_3,-43.888870
2VDK_1,-47.212916
3FB5_1,-42.712520
3GHE_1,-52.290535
5AUM_2,-32.160074
5TKJ_4,-40.085165
6I9I_1,-39.580718
6A3W_3,-43.524402
3EJZ_2,-46.356852
4UOM_1,-51.181325
2ZCL_1,-40.597221
4XPT_1,-48.130025
6EMJ_1,-45.907193
1DEE_1,-44.014837
6B5S_1,-44.346645
6CRQ_2,-46.872236
3RHW_5,-51.731286
4JQI_1,-48.923835
3PNW_6,-45.909870
1FSK_2,-43.773339
5HHX_1,-43.049909
6MWX_4,-48.481668
5VLP_1,-52.626425
3ZDY_2,-48.872451
4NCO_2,-50.989591
5B6F_2,-43.215033
6ANP_1,-44.753349
4LVH_4,-45.376784
5CUS_2,-41.672284
4TTD_1,-46.352654
2A6D_2,-46.832052
3RHW_3,-52.396799
6NZ7_2,-47.259264
3WFC_1,-51.520338
1BBJ_2,-43.344345
1IC5_1,-47.960491
4I18_2,-42.483360
2GFB_6,-52.496716
4XH2_5,-43.109440
5JQD_1,-44.517883
3PHO_1,-42.156815
5WKO_6,-43.218048
1IC7_1,-48.692532
4NKO_2,-44.140857
5FHA_1,-48.838392
3VW3_1,-43.029816
4NKM_2,-47.034129
1OAR_1,-49.996058
5JS9_1,-48.597986
4YO0_1,-46.054578
5KQV_2,-47.251713
5MU2_8,-47.695092
4OLY_1,-43.616559
5M63_2,-41.247410
3SE9_1,-43.029573
6BZU_3,-41.541951
2CJU_1,-44.847911
3B2U_6,-46.650973
4M7L_1,-43.408937
4YFL_1,-47.193057
3DVN_2,-44.972534
1NGY_1,-48.499141
1NLD_1,-41.099015
3UYR_1,-50.528284
6APD_2,-49.440336
1FVE_1,-42.835063
5XHV_1,-45.263597
3D69_1,-49.356946
2EH8_1,-49.321923
5ACO_1,-49.509891
2GJZ_2,-45.294937
3RA7_1,-49.596424
6DF2_1,-45.722554
1VFB_1,-43.536410
2Y36_1,-52.831369
4WV1_1,-46.303675
4JAN_1,-43.941053
6B3M_5,-42.763947
2BRR_2,-44.705555
5UBZ_1,-45.995254
2B1H_1,-45.517929
5XAJ_3,-40.382534
6DB5_1,-40.031105
5YY5_2,-44.459531
5TZT_2,-48.274187
4UIL_1,-49.515686
4KKA_2,-46.599689
5V6L_1,-42.366758
6B14_1,-44.227025
3GJE_1,-45.114018
4FQR_6,-44.973993
4QEX_1,-43.756964
5WDU_1,-51.058098
3QHF_1,-44.406785
4YDV_1,-48.585639
2VDQ_1,-47.670251
4QWW_2,-47.455167
6NB7_2,-49.110627
3ZE1_1,-48.621050
1OAQ_1,-47.618688
3I75_1,-40.317091
2NR6_2,-47.702708
3JBQ_2,-43.850203
3ZE0_2,-49.556193
6D01_3,-46.342691
5GZ0_2,-49.755092
3T4Y_1,-43.248795
4TTD_2,-46.290988
3PP3_1,-46.276644
6BF7_1,-46.434181
1D5I_1,-42.192881
2DLF_1,-48.853891
6BIT_2,-46.888134
5VGA_1,-48.884864
2NY4_1,-45.855238
6BF7_2,-45.765618
3QWO_2,-44.055105
3IGA_1,-42.929259
5VKE_1,-42.064862
4G6J_1,-45.679841
3IDY_1,-42.378713
5MV3_4,-47.695205
3TWC_1,-47.795804
3ZTJ_2,-50.527899
4MQX_1,-51.966417
5G64_1,-52.396246
5TPP_1,-40.675355
5U3N_1,-49.318072
1XF3_1,-44.835512
3ZDZ_1,-48.647598
4XVU_4,-41.864953
5K59_2,-46.753912
3HI1_1,-44.616905
3BN9_2,-46.481738
3L7F_2,-47.289566
5DQ9_3,-39.433534
1FLR_1,-42.591013
4QTH_1,-42.552050
5JO5_3,-45.051928
4YQX_2,-47.325604
3FB6_1,-42.353198
6BPA_2,-42.284306
2GSG_2,-47.700517
5ESV_3,-48.920107
5GIS_1,-46.824059
5OCK_1,-45.174954
4C83_1,-44.406846
5VIY_2,-45.708097
2B2X_2,-43.187669
4JRE_2,-43.139180
6C6Z_2,-44.078473
6BP2_1,-46.514003
1ZA6_1,-46.387889
4FQH_2,-42.957591
4J8R_1,-48.461863
2DQC_1,-47.878536
6DB9_1,-47.346176
2FD6_1,-41.908176
3PNW_1,-46.490220
1XIW_2,-50.597496
4ZD3_1,-45.157687
4FFZ_1,-43.262547
6FLA_1,-45.732657
1FNS_1,-48.230244
3GK8_1,-51.199905
6FY2_2,-43.922025
5JZ7_1,-45.959803
5TR1_2,-44.997222
6JFH_3,-43.352198
6EV2_1,-52.434203
5USL_1,-36.566786
4UIF_1,-39.855571
3RI5_4,-51.709327
3L7E_1,-50.851828
3V0V_1,-40.087437
1Y18_3,-53.665760
4K3D_1,-42.325949
3WHE_1,-43.799454
5W5Z_1,-48.673246
3C6S_3,-45.364222
6I04_2,-45.713037
4IML_1,-45.139625
3EYF_2,-48.219096
3EO0_1,-43.809195
4U0R_1,-47.215896
2FJF_2,-43.387470
5UDD_3,-46.454182
5T0Y_1,-46.775283
1V7N_3,-49.460468
6BZW_1,-44.096039
4MHJ_5,-49.251904
1FH5_1,-47.620192
4XBE_1,-43.136449
1RIH_1,-47.535694
1MHP_1,-47.063196
4HCR_2,-42.728091
5U3L_1,-50.159695
5K9Q_5,-41.757829
1DQQ_2,-47.732713
3U7Y_1,-44.599219
4NCO_1,-51.003432
1AY1_1,-59.928802
3DUR_1,-39.828697
4RGM_2,-40.437102
4WHY_3,-44.289309
5VIY_1,-45.836418
3ZDX_1,-48.589647
2H9G_2,-49.191699
6ELL_1,-46.424249
2A6J_2,-45.012140
5NHW_1,-41.883612
4R4N_2,-48.293313
6CE0_1,-42.933772
5OTJ_1,-47.074365
4WUU_1,-43.344574
5X8L_1,-45.227353
4FQR_3,-44.781974
6J5G_1,-43.729105
5UDC_3,-47.957510
3B2U_3,-45.552359
1AHW_2,-44.471856
4LKX_1,-45.365629
1MFA_1,-47.880827
3CM9_1,-46.732036
4KXZ_4,-46.265740
6HF1_2,-45.161096
1MQK_1,-45.669397
3PP4_1,-47.185555
4XNQ_2,-44.508896
4AT6_1,-50.993363
4FQR_7,-44.055019
6MHG_5,-47.621202
6D0U_4,-44.464529
5DSC_4,-38.378719
3GBM_2,-43.934335
3U36_2,-45.527761
1P4B_1,-41.782753
6I8S_4,-46.808503
2HKH_1,-38.655664
1NC2_1,-44.206611
1C5D_1,-41.199786
5IG7_2,-38.309530
2C1O_1,-47.622724
4LSR_1,-42.778143
6IEC_3,-46.488350
3MNZ_1,-40.481982
6NJM_2,-59.501075
1NBY_1,-48.585412
3FB7_1,-42.655196
6ICF_1,-47.443001
4NKD_1,-41.479867
3L7F_1,-47.113828
5JW4_2,-47.998119
2VIR_1,-43.136872
2YPV_1,-47.869582
4R7N_1,-47.491395
1UWE_3,-49.926897
4I9W_1,-46.836916
5CIN_1,-44.031775
5WDF_1,-43.247467
4JZO_2,-46.979015
4F33_3,-47.780751
3EYV_2,-47.389816
5U5F_1,-46.603826
3I02_2,-44.044725
3OPZ_1,-37.449264
5UQY_1,-43.217718
6OC3_1,-55.711393
4NPY_1,-42.290631
5A7X_2,-46.025630
5F6H_4,-44.001916
4TNV_4,-51.093078
4QHN_1,-48.745773
4UIH_2,-46.574146
3IXT_2,-44.022637
4LMQ_1,-47.392537
1KTR_1,-47.065272
4XBP_2,-43.736551
5GIR_1,-49.394873
6EV2_3,-49.805409
5I9Q_1,-40.769230
1U8P_1,-41.678239
4MA1_1,-36.901752
2HJF_1,-41.861180
4RAU_4,-46.712226
3J3Z_1,-51.198245
4S1S_1,-47.832939
4R4F_1,-49.181138
5BK5_3,-46.025122
6DID_1,-41.219549
1FJ1_1,-39.091902
4NM8_3,-43.944283
6AXK_1,-48.408616
2VC2_1,-47.146952
6DF1_1,-45.472482
6MTQ_1,-46.222830
4YNY_2,-46.350592
4LU5_1,-40.265553
3J7E_1,-41.638902
2ZUQ_1,-49.890594
6B9J_1,-45.282714
4NRX_3,-44.852258
4RAU_3,-48.399409
5W3O_1,-42.330489
3G5V_1,-51.851310
3IF1_2,-49.309989
5FYK_2,-45.178770
3C2A_2,-55.566597
4UB0_1,-41.202271
3NID_1,-47.442519
6D6U_2,-46.218535
4HDI_1,-50.083055
4NM8_2,-43.783194
5IHZ_4,-41.438563
4M6M_1,-39.534416
5NMV_1,-49.602231
1UB5_2,-32.470757
1RIV_1,-44.580888
3X3G_1,-46.816559
4KZD_1,-44.744416
1KEN_1,-48.401282
6DCW_1,-42.380888
3SKJ_1,-47.876705
6NCP_1,-42.868596
6C5I_1,-40.943872
5CJO_1,-43.876725
4HJG_1,-43.008261
2HFE_1,-40.662254
6FXN_4,-39.198397
2ZKH_1,-48.673797
3KYM_2,-47.908856
3HI6_1,-46.832611
3RHW_4,-52.104017
3B2U_5,-46.533343
4LQF_1,-45.512514
5W23_1,-48.885010
1EGJ_1,-46.003525
1LO0_1,-45.240728
6DW2_1,-47.027513
1QBM_1,-43.952445
5UMI_2,-49.538164
1J5O_1,-43.383318
3J8V_4,-45.112150
4ODU_2,-49.796249
1ZA6_3,-47.694946
3F12_2,-46.117591
3QNZ_1,-43.559205
4LRI_2,-43.812286
6H5N_1,-46.435895
3QPQ_2,-46.456421
4F57_1,-44.872068
1FBI_1,-47.661454
6GC2_1,-45.328306
5VCN_1,-47.502388
4OZ4_2,-42.165479
2NR6_1,-49.011010
3UC0_1,-47.575278
1R24_2,-50.432952
3PIQ_5,-46.076507
5MV4_3,-47.555496
4LLY_1,-46.564899
4OM0_1,-43.416979
4QT5_1,-46.116987
5WHK_1,-44.497281
1MNU_1,-45.652620
3DRQ_1,-40.837163
2HFG_1,-38.401663
4R2G_1,-38.523749
6MAM_1,-51.011138
4TUO_1,-42.616924
5LBS_1,-42.471618
2HT2_1,-51.324932
5GZO_1,-45.428674
2VDP_1,-47.630050
5U3P_1,-50.341836
3CFE_1,-49.367700
3GJE_2,-43.516926
2A6K_1,-49.004131
2VQ1_1,-45.637942
5EOQ_1,-46.427394
5I16_2,-43.550237
5B71_1,-42.287398
1UWX_2,-44.150524
6B5R_1,-43.186982
2W9E_1,-47.175226
6HKG_2,-45.124472
3STZ_1,-42.352590
6JEP_1,-43.349505
5CGY_1,-50.378183
4ZYP_1,-45.515461
3R06_1,-47.881853
6II9_1,-49.567842
1MF2_1,-48.252676
4C83_2,-44.968789
1AP2_1,-45.600920
5JZ7_2,-46.307424
6DC9_1,-42.671080
5IR1_1,-48.934848
2I9L_2,-45.356227
1WC7_1,-44.759831
1INE_1,-44.309465
3CVH_1,-47.900894
4YO0_2,-45.743730
4JDT_1,-45.134022
1QLR_2,-45.561077
5OD8_1,-44.796014
4ODX_1,-43.873925
4WHY_2,-46.323325
1YYM_2,-45.859263
6N4Q_1,-47.882542
3HR5_2,-42.462093
6MZJ_2,-44.695747
1H3P_1,-46.509903
3ULV_3,-48.678536
6MUI_3,-48.481101
1UZ8_2,-50.321579
4UU9_2,-44.415073
4JAM_2,-49.679092
4MA8_1,-42.681972
4XP9_1,-47.022513
5BV7_2,-44.629700
4CAD_3,-47.801268
3V4V_2,-49.533993
3P11_1,-46.606979
1H0D_1,-48.113622
5N4G_1,-51.585745
5JW4_4,-48.441806
6HJQ_3,-45.922493
4XPG_1,-47.919010
5KEL_1,-43.722215
6MWC_4,-48.485778
5WOB_6,-43.292598
1P7K_1,-46.903455
3CSY_4,-48.046271
2B4C_1,-47.933389
5UKP_1,-37.551382
4QHM_4,-47.046135
4LBE_1,-41.808456
1UZ6_3,-47.797698
6H3T_2,-50.937236
6A4K_2,-45.140618
5U15_1,-43.828130
5X4G_1,-48.422791
5VTA_2,-48.898632
5N7W_1,-42.864726
3GHB_2,-56.361995
2FJG_1,-40.671290
1BLN_2,-47.443844
5VN3_2,-48.274601
6BFT_2,-44.833367
4FNL_2,-44.810534
4XGZ_8,-43.502821
1XCT_1,-42.783499
5Y2L_1,-43.416496
5BK3_3,-54.212533
6MLM_2,-48.341893
1ETZ_1,-44.760129
1KEL_1,-35.801605
4UIH_1,-39.854984
3BT2_1,-42.508213
5UQY_2,-44.171961
5MP5_3,-43.879952
1IGJ_1,-50.751474
6OKP_4,-54.237209
